SubVertical,total_startups
nan,929
Online Lending Platform,11
Online Pharmacy,10
Food Delivery Platform,8
Education,5
Online Education Platform,5
Online Lending,5
Online Learning Platform,5
Online lending platform,5
Online Food Delivery,4
Non-Banking Financial Company,4
Online Food Delivery Platform,3
B2B Marketplace,3
Data Analytics platform,3
Online Furniture Store,3
Online learning platform,3
ECommerce Marketplace,3
Online Payment Gateway,3
SaaS,3
E-learning,3
Online Gifting platform,3
Online Marketplace,3
Agri-tech,3
Logistics,3
Online platform for Higher Education Services,3
Online Insurance Platform,3
Online Insurance Aggregator,3
Fitness Mobile App,3
Micro Lending Platform,2
Algorithmic Trading,2
Online marketplace,2
ECommerce SAAS Solutions,2
Financial Services,2
Online Rental Marketplace,2
AI Based Solutions Platform,2
Brewery,2
Wealth Management,2
Agritech,2
Online fashion marketplace,2
Medical Supplies eTailer,2
Customer Engagement Platform,2
Fashion eTailer,2
Food and Beverages,2
Online Grocery Shop,2
Health-Tech platform,2
Payment Gateway,2
eCommerce,2
Online fashion rental platform,2
Used Furniture & Appliances Marketplace,2
Digital Lending Platform,2
Cabs,2
Mobile Wallet & ECommerce platform,2
Online Women\\xe2\\x80\\x99s Fashion Marketplace,2
Big Data Analytics Platform,2
IT,2
Fashion Apparel eTailer,2
Storytelling platform,2
Co-Working Spaces,2
B2B Logistics provider,2
Artificial Intelligence,2
Digital Payment Platform,2
Social Commerce,2
Retail,2
Mobile Wallet,2
QSR Chain,2
Online Loan Matchmaking Platform,2
FinTech,2
Online Grocery Store,2
Optimization,2
Online Travel Agency,2
CoWorking Spaces booking platform,2
Online Doctor Consulting platform,2
Online Real Estate Portal,2
Online insurance policy aggregator,2
Online Furniture Renting Platform,2
Parenting Mobile App,2
Micro Lending platform,2
App based cab hailing services,2
Online Home Rental Marketplace,2
Online loan platform,2
Online Insurance Selling Platform,2
Online Test Preparation Platform,2
Online Healthcare platform,2
Online peer-to-peer lending platform,2
On-Demand Washing & Dry Cleaning Services,2
Online ticket booking platform,2
Crowdfunding Platform,2
Food Ordering Mobile App,2
Food Delivery platform,2
Video Content Discovery Platform,2
Healthy Food Delivery platform,2
P2P Lending Platform,2
Cab Aggregation App,2
Mobile Services Marketplace,2
Beauty e-tailer,2
Real Estate Portal,2
Online Consumer Lending platform,2
Online Tax Filing Platform,2
Contact Management Mobile App,2
Online Travel Marketplace,2
Health Service Aggregator Platform,2
online lending platform,2
Medical Emergency Response App,2
Online Pharmacy Store,2
Online Lending platform,2
Online Food Ordering & Delivery Portal,2
Online Education Portal,2
Carpooling Mobile App,2
Conversational AI,1
Online Lending Platform For SME,1
Cyber Security solutions using AI,1
Platform for travel agents,1
Eyewear,1
Virtual Reality,1
Health and fitness based mobile App,1
SDN Solutions,1
Agri Decision Support Solution for farmers,1
Identity management platform,1
Buying Club for Small Businesses,1
Virtual Reality platform,1
SAAS Based Retail Analytics Solutions,1
Women Lingerie Store,1
Contract Management Software Solutions platform,1
Credit + payment mobile app,1
Computer Vision on Embedded Systems,1
Indian Sweets & Snacks etailer,1
Mobile Health Technology Solutions,1
Electric Vehicle Manufacturer,1
Car Rental Software Solutions,1
AR & VR platform,1
cloud-based software solutions company,1
Online designer jewellery marketplace,1
Online Meat Ordering platform,1
3D Printing Solutions for Edu space,1
Affordable non-emergency medical service health plans,1
Digital Documentation,1
AI Platform,1
Bicycle sharing Platform,1
Fresh Indian Tea Selling Platform across 112 countries,1
Energy Analytics startup,1
Digital Entertainment Company,1
Cloud based\\xc2\\xa0 health monitoring platform,1
SaaS-based predictive analytics platform,1
Assessment & Learning Platform,1
Apparel Rental platform,1
Safe Driving Data & Analytics platform,1
Professional Health Services Platform,1
App building platform,1
Digital payments solutions,1
Mobile games creator,1
Meat Retail Chain,1
Products For Shoolgoing Children,1
News portal,1
Fashion and Lifestyle Coupon Platform,1
speech recognition startup,1
SAAS based sales force automation services,1
in-video discovery platform,1
"TV Search, Guide and Remote mobile app",1
Super-specialty Hospital,1
Connected Transportation solutions,1
Alternative Lending,1
Breast Cancer Screening Solutions,1
Fresh Produce Selling portal,1
Women Apparel & Lifestyle etailer,1
Men\\xe2\\x80\\x99s Grooming Product etailer,1
Micro Lending Platform for eCommerce purchases,1
Personal Digital Assistant,1
Online Construction Materials Marketplace,1
Fin-Tech Platform,1
AI based pharmacy drugs insights platform,1
Viral Content and storytelling platform,1
Venture Capitalist,1
Payroll & Benefits Software solutions,1
School Student admissions platform,1
Mobile Based Education platform,1
Clothes and Apparel,1
Professional Car Drivers Hiring App,1
Music Education,1
Multi-lingual AI Platform for Businesses,1
Ethnic Indian Fashion Marketplace,1
Online Logistics Marketplace,1
Personal Assistant App,1
Virtual Reality Solutions,1
Jewellery Etailer,1
Clean Water Technology,1
Internet of Things Device manufacturer,1
Online Marketplace For Mother and Babycare Products,1
Integrated Kids Engagement Company,1
Online eyewear retailer,1
Logistics Intelligence platform,1
Aptitude Development Program,1
Curated Fashion ECommerce portal,1
Next Generation in-building connectivity,1
Connected Care App For Pregnant Women,1
Virtual health clinics,1
Chatbot creation tool,1
Designer Of Toys and Learning Projects For Kids,1
Education & learning Tech platform,1
Placement preparation and career growth training platform,1
Mobile games developer,1
IoT Based Energy Monitoring & Control,1
Treatment Development for Antibiotic-resistant diseases,1
IoT retail solutions,1
Business and customer engagement tools,1
Speech Recognition,1
Computer Vision And Artificial Intelligence (Ai) Platform,1
Cloud-based Software,1
Online freight aggregator,1
Personal Genomics,1
Cloud Data Security & Privacy Solutions,1
Baby & Kids Products Online Flash sales platform,1
financial services firm,1
Mobile Solutions for Social Impact,1
Digital Design,1
Education Solutions,1
Personal Loans & EMI solutions platform,1
Truck Network company,1
Online Certification programs,1
Education eCommerce platform,1
Pediatric Primary Healthcare Network,1
Art,1
Personalisation Technology Firm Focusing On The Food And Beverage Industry,1
Mobile based Logistics Service,1
Marketplace for International Freight,1
"Original Art, Digital Prints etailer",1
Medical Tourism platform,1
Credit-Based Lending Marketplace For Small And Medium Enterprises,1
Border Intrusion Alert Solutions,1
Travel Package Marketplace,1
Anti-Pollution,1
CRM Software for Healthcare space,1
Intelligent Sales Assistant,1
Online Jewellery etailer,1
Online Advertising Solutions,1
Online Fruit & Vegetable Marketplace,1
Warehouse Automation,1
Electronic Payments Solution Company,1
New and Used Cars Platform,1
Automobile parts marketplace,1
Startup Crowd-funding platform,1
Solar Rooftop system installation company,1
Health Food / Personal Care Marketplace,1
Digital marketing firm,1
"Video-based certification, trainings",1
Platform To Discover Healthcare Financing Options,1
online marketplace for food and grocery,1
Tech driven Insurance platform,1
Solution provider for pet needs,1
Online Pharmacy & Health Marketplace,1
Virtual Reality Content Studio,1
Satellite Communication,1
Business development,1
Hyperlocal Content,1
"Creative Design, Brand, Media and Technology Platform Solutions",1
Banking & Fintech Platform,1
Online Certification Courses,1
Digital Vending Machine,1
Construction site operations and analytics platform,1
QSR chain and online food delivery,1
Data as a Service Provider,1
Mens Grooming products etailer,1
Sports Nutrition Supplement etailer,1
Online Chai ordering platform,1
IoT Platform for Bus,1
CRM SAAS Platform,1
Mens Wear,1
Solar Energy harnessing products marketplace,1
VC Funds,1
AI product company For Health and Life Insurane Companies,1
Marketing Cloud for consumer businesses,1
Artificial Intelligence Platform to Raise Funds,1
Babycare Products seller,1
Fruit & vegetable eTailer,1
Invoice discounting\\xc2\\xa0 Marketplace,1
Voice-based assistant platform,1
Online payments platform,1
Cold Press Juice manufacturer & seller,1
Online gadget Repair Services Marketplace,1
Interactive Online Tutoring Platform,1
Tech enabled Fulfilment & Logistics Solutions,1
Contactless Payment Solution,1
Wellness Coach,1
Mobile App Development company,1
Mobile Application for Doctor Consultation,1
Enterprise IoT solutions For Tyre Performance,1
Business Intelligence Solutions,1
Business intelligence and data science Startup,1
Technology enabled equitable healthcare for India,1
B2B Finance & Fulfilment Network,1
Travel ECommerce portal,1
Electric Bike Manufacturer,1
Specialty pharmaceutical,1
Online B2B store for office supplies,1
On-Demand Delivery Service,1
Healthcare based Tech Solutions,1
Construction Material ETailer,1
Online Crowdfunding Platform,1
Technology Enabled Logistics Company,1
Online Tea Store,1
Online marketplace for cars,1
Cloud ECommerce platform,1
Medical Automation platform,1
Cloud-based solutions provider,1
Prosthetics Manufacturers,1
Online Tutorial Marketplace,1
Virtual Reality based gaming platform,1
Health Food etailer,1
Operations and manpower outsourcing,1
Cloud based CRM for Agencies,1
Art & Lifestyle ECommerce Store,1
AI-driven B2B marketing platform,1
Fruits & vegetable eTailer,1
Industrial Tools and Equipments,1
Mobile App Analytics,1
Augmented Reality based Tech platform,1
Online Tea Etailer,1
Agri-Tech supply chain Solution provider,1
Robotic Classes for Students,1
Frozen Meat provider,1
Customer data analytics software,1
Electric Motorcycle Manufacturer,1
Healthcare Service Provider,1
Art & Craft Marketplace,1
SME Lending platform,1
Full-stack career platform,1
Renewable Energy,1
Bicycle-Sharing Platform,1
Crop Technology Solutions,1
image Processing solution,1
"AI, Machine learning Solutions",1
HR Software Services Startup,1
Safe driving Analytics platform,1
B2B Industrial Goods Marketplace,1
Mobile based Retail Market Ecosystem,1
Coding Skill Showcase & Resume Builder,1
Mobile Payments Technology Platform,1
IoT smart Logistics and Asset Management Company,1
Mobile based eCommerce SAAS platform,1
Artificial Intelligence based marketing platform,1
Craft Beer manufacturing company,1
Warehouse Aggregator,1
B2B Wholesale Marketplace in India,1
Maths Learning program,1
Content Management & Productivity platform,1
ECommerce SAAS platform,1
Adult Products Etailers,1
Electric bike rental,1
Subscription Billing & Recurring Payments Software,1
E-Publishing,1
Enterprise Mobility Solutions,1
Fin-Tech Solutions,1
Beauty Products Marketplace,1
Fashion Rental Marketplace,1
Intelligent Tech platform for Finance vertical,1
Apparel & Lifestyle eTailer,1
Video Sharing,1
Private Equity Firm,1
Micro lending company,1
Mobile SAAS\\xc2\\xa0 ECommerce platform for SMEs,1
Mobile CRM Platform,1
College Education Portal,1
Micro-delivery grocery service,1
Education Workshops & mentoring programs,1
IoT & M2M Solutions,1
Online Truck aggregator platform,1
Open Source Language for Data Science and Machine Learning,1
Home D\\xc3\\xa9cor Product etailer,1
Social gaming platform,1
Mobile Balance Checking App,1
medical grade wearable patch maker,1
Cloud based ERP for Accreditation & ICT,1
Agri Data & Analytics Platform,1
Self riding bike rental program,1
Logistics and Warehousing services,1
Travel,1
End-to-End property management for landlords living away,1
Electric Motorcycle manufacturer,1
Online business-to-business (B2B) marketplace,1
Copper based items etailer,1
Visual Content Marketing,1
Self-Checkout ECommerce App,1
Data Driven Advertising platform,1
Real Estate,1
SME Lending,1
Healthcare related IoT platform,1
Weight loss & Healthcare Info portal,1
Specialty Tea ETailer,1
Invoice discounting platform and SME lending marketplace,1
Mobile Payment Platform,1
Social Healthcare Enterprise,1
Gourmet Food etailer,1
Cold Storage Logistics solutions,1
"DSP, TV Analytics & Cross-Platform advertising",1
Online Services,1
Home Interior Designing Seller,1
online babycare products marketplace,1
Agre-Tech Mobile app,1
"Online Marketplace for Renting Bikes, Electronics & Appliances",1
supply chain automation platform,1
Women Hygiene Product Manufacturer,1
Hybrid Reactor Biodigestor,1
Budget Rooms,1
"On-demand, self-drive bike rental platform",1
Specialized Patient Care platform,1
Cancer radiology,1
Realty Tech Startup solving real life Interior Designing problems,1
Men Grooming product etailer,1
Virtual Reality Startup,1
Online Hair Extension etailer,1
Integrated eLearning content solutions,1
Online custom Shirt retailer,1
Artificial Intelligence based search platform,1
Equity Stock Exchange,1
Online Luxury Tea etailer,1
3D printed experimental Human Liver tissue creator,1
Mobile security solutions,1
hyperlocal logistics service,1
B2B Marketplace for SMBs,1
Educational Platform to Learn Mathematics,1
Online Poker Platform,1
Hotel Management Solution,1
Loyalty program management solutions,1
"Domestic, Commercial, and Industrial Goods Movers",1
Professional Custom creators Marketplace,1
AI based FinTech platform,1
Enterprise Banking Solutions,1
Health Technology platform,1
Education Technology,1
Smartphone Operating System,1
Organic wellness,1
Online platform for Agricultural products,1
Personalized precious Jewellery etailer,1
Private Coaching Classes,1
Online Grocery portal,1
Data Sciences platform,1
Mobile Gaming portal,1
"Online Marketplace For Handicrafts, Handlooms And Local Produce",1
Coaching Services,1
Android utility app suite creator,1
Pet Products eTailer,1
SaaS based Big Data Analytics Platform,1
Workshop Management Software Platform,1
Consumer Finance & Credit Score platform,1
Industrial & Home products marketplace,1
waterless car washing solution,1
Healthcare Analytics Platform,1
Senior Healthcare Services,1
Specialised diagnostics Platform,1
Cyber Security Solutions,1
Women\xe2\x80\x99s Fashion Apparel eTailer,1
Local Commerce Platform,1
Integrated Enterprise Analytics Platform,1
Online Merchandize etailer,1
Handicraft products eTailer,1
Home Healthcare Provider,1
IoT platform for Tyre Performance management & tracking,1
Financial platform for daily wage earning communities,1
Wearable Gaming Platform,1
E-Commerce Logistics Solutions,1
premium dining lounges Chain,1
Child Disorder Information & Education,1
Lending Platform,1
Lending Platform For Micro and Small Enterprises,1
Mobile App for Network of Doctors,1
Health-Tech Platform,1
Online ordering & Delivery of medicines,1
Data Analytics & Audience Management Platform,1
Connecting Small Town Consumers to E-Commerce,1
Scooter sharing app,1
Product Review,1
Supply Chain,1
HR Virtual Agent For Employees,1
Medical Transportation Services,1
Mobile OS creator,1
Media Technology Solutions,1
Online furniture rental startup,1
Home diagnostics services provider,1
Skill Learning Platform,1
Fitness,1
Hyperlocal Video Information Sharing Platform,1
Marketing Research Company,1
Online Test Preparation platform,1
Clinical Imaging Solution Provider,1
Hybrid Cloud technology enabled Media ERP platform,1
Hyperlocal Products & Services marketplace,1
Online Pet Store,1
Aadhaar-based API provider,1
SAAS based mobile application platform,1
"Sweets, Dry Fruits & Handicrafts etailer",1
"smart, energy efficient home appliance manufacturer",1
Smart wheelchair Design and Development,1
Regional Flavours,1
App-based investment platform,1
Women Work wear etailer,1
Online lingerie & Sleepwear etailer,1
B2B Wholesale Apparel Marketplace,1
Dental Protection Solution,1
On-demand product rental marketplace,1
Fresh Agriculture Produces,1
Fresh Produce SCM company,1
Education Technology platform,1
Advertising Platform for Virtual Reality,1
Financial Technology Solutions Provider,1
Enterprise Security Technology platform,1
"Open-market, freight management platform",1
Post-Purchase Customer Engagement Platform\\xc2\\xa0,1
Managed Cloud Environment Solutions,1
Online Pet Products Store,1
Online Beauty products eTailer,1
Home Automation & Security Solutions,1
Deep-technology,1
Beauty and Wellness Industry,1
\\xc2\\xa0Customer Sourcing Platform\\xc2\\xa0,1
Ecommerce portal for senior citizens,1
Restaurant Automation Solution,1
Cyber Security Startup,1
SAAS Based Media Marketing platform,1
Artificial Intelligence platform,1
On-Demand Drivers,1
Education Services Provider,1
E-commerce Logistics Platform,1
Online Selling,1
Provides Business Insights using Drone Imaginary,1
Smart Scooter manufacturer,1
Ad optimization Platform,1
Mobile Chatbot App,1
Fashion Re-Commerce Platform,1
Location based Classified Mobile app,1
Quick Service Restaurant Chain,1
Supply-chain technology solutions,1
Eyewear etailing platform,1
Industrial robots maker,1
Mobile point of sale services provider,1
Fashion Resale Marketplace,1
Online marketplace for automobiles,1
Truck Fleet Operation platform,1
Specialty Coffee Etailer,1
Kids Focused eTailer,1
Co-Working,1
Cloud based Online Hotel Management Software,1
Social,1
Online Furniture Marketplace,1
CSR and sustainability management platform,1
Quick Service Restaurants,1
Data Analytics Platform,1
K-12 Maths Learning Courses,1
Artificial intelligence-based sales acceleration software platform,1
"digital employee solutions,",1
Fashion ecommerce portal,1
Last mile Delivery Network,1
Cloud Analytics and Management Products,1
Financial Services To MSMEs,1
Enhanced Employee Engagement Platform,1
Agriculture Technology Solutions,1
Primary care medical network,1
Super speciality Hospitals,1
Software-As-a-Service Platform,1
Sports Training & Technology,1
B2B Marketplace for Shoes,1
Residential Project,1
Hotel Aggregator Platform,1
Machine Learning Access platform,1
Enterprise human resources management platform,1
AI based data analytics platform,1
Unified Global Investments Ecosystem,1
Mobile Learning Management Platform,1
Pregnancy & Baby Care product etailer,1
Unified Digital Health Platform,1
Wearable Fitness Bands,1
Automotive,1
Robotic InspectionStartup,1
Digital Lending,1
Healthy & Nutrition based snacks online platform,1
Logistics Solutions,1
Online Micro-Lending Platform,1
Retailer of baby and toddler products,1
Mobile e-Sports,1
AI-Based Energy Optimisation and Control Provider,1
Advertising Technology,1
Medicine Intake Reminder System,1
B2B commerce Marketplace,1
Telecom & IoT platform,1
Fintech Product Development & Services Startup,1
Medical Technology Provider,1
Oxygen Optimiser Manufacturer,1
Online Gifting Platform,1
Business & SME Loans provider,1
Software solutions for M&As,1
Blended Learning Delivery App for Schools & Corporates,1
Home Furnishing rental marketplace,1
Online marketplace for used automobiles,1
ECommerce Logistics solutions,1
Online Baby care Products,1
Healthcare Technology Solutions,1
Speech Recognition Solutions,1
B2B Marketplace for traders,1
"Genetic Screening, DNA Diagnostics Labs & Research Centers",1
Medical Devices,1
Fashion ECommerce Portal,1
Cloud Data Center Solutions provider,1
Packaging Material Marketplace,1
Online Book etailer,1
Edutainment platform,1
B2B platform for medical supplies,1
Last Minute Hotel Bookings mobile marketplace,1
Road Safety Analytics,1
Restaurant Management Solutions,1
Cloud Based Practice Management Software,1
Cyber Security Solution provider,1
Beauty Products & Training to Salons & Spas,1
Delivery Service,1
MSME Finance,1
Data Driven Intelligence Solutions Platform,1
Online Raw Meat E-tailer,1
Geospatial Technology-based SaaS solutions,1
Raw Pressed Juices manufacturer,1
ERP solutions provider,1
Unboxed & refurbished electronic products marketplace,1
Fashion ECommerce App,1
A Doctor-Patient Engagement Platform,1
Digital Marketing Agency,1
Children Education Platform,1
Book Trucks Online,1
Education Sector Lending,1
Home Automation Solutions,1
Online Healthcare Aggregator,1
Women Focussed Digital Media Platform,1
Analytics,1
Project Management tool,1
Process management startup,1
Wearable Technology platform & devices,1
Building automation system,1
Customer Success Software for B2B SaaS,1
Financial Technology Research Platform,1
Private Fashion Brand etailer,1
Hyperlocal Shopping App,1
Enterprise customer engagement solutions,1
Travel-Focused Tech Startup,1
Applied Artificial Intelligence and IoT focused\\xc2\\xa0Platform,1
Venture Capital,1
Platform based on 3D printing and Digital Manufacturing,1
Gamification Platform to train Sales People,1
Beauty Products Online Marketplace,1
Construction material eTailer,1
Workspace Rentals,1
Digital Financial Services Platform,1
Cold Chain monitoring solution,1
Building material online store,1
Visual and Interactive communications Solutions,1
Eco-friendly consumer & packaging products,1
Online jewellery marketplace,1
Enterprise Cloud Based Data Processing,1
Bike Taxi,1
Personalized Learning,1
Online Video Creation Platform,1
Online Grocer,1
Cloud-based construction,1
Image Analysis Solutions,1
Competitive Exam learning platform,1
Automotive Design and Engineering company,1
Interior Design & Home D\\xc3\\xa9cor Solutions,1
Online Investment,1
Clean Tech Startup,1
NanoTech product developer,1
Packaging Artwork Management software,1
Online Tea etailer,1
Auto Parts & Accessories eTailer,1
Eyewear & Accessories etailer,1
Children Education & Information platform,1
Energy management solutions provider,1
IoT & SAAS Solutions for Transportation Industry,1
Platform for Social Causes,1
Sales Solutions for Fashion Brands,1
Interactive Tech-Support Guides,1
Direct-to-Farmer Mobile-Based Retail platform,1
Tech-enabled Fashion Talent platform,1
Online Pharmacy store,1
Online Platform Selling Indian Tea Globally,1
Door Step Delivery platform,1
Online Grocery Etailer,1
Fashion and Shopping,1
Big Data based analytics platform,1
Celebrity fashion accessories and merchandise,1
Credit Scoring Platform,1
Entry level hiring platform,1
Marketplace for Health Foods,1
"Online Portal for Diet,fitness and Beauty",1
Online Grocery,1
Sports Focused Healthcare Startup,1
Tech-focused cargo transport startup,1
Healthcare services,1
"Real Estate, ERP",1
B2C Online Loans Marketplace,1
Distance Education Learning Platform,1
Bike Rental Platform,1
Online Used Car marketplace,1
Point-of-Sale services,1
On-Demand Delivery Startup,1
Weigh Loss Coaching,1
Local Language Health Content App,1
Skincare Speciality services,1
Dreams fulfilling marketplace,1
Pre-Owned Fashion marketplace mobile app,1
premium Tea and Coffee,1
Solar Power Solutions,1
Media Analytics,1
B2B marketplace for Industrial products,1
Safety & Hygiene Products etailer,1
Online Jewellery Store,1
Consulting,1
Digital Onboarding Solution,1
Cash Flow Management Solution for Businesses,1
Retail Food & Snack Offline centres,1
Software-As-A-Service Platform,1
An Online Platform That Connects Ayurveda Doctors With Patients,1
Iot Application Platform In Agriculture,1
Real time data analytics & reporting,1
SME Marketing Management Solution,1
Hospital Management Software,1
Omni-Channel Platform,1
Women Fashion Portal,1
IoT solutions for home automation applications,1
Marketing & Customer Analytics Solutions,1
LiFi based wireless communication provider,1
Hospitality,1
Agriculture Supply Chain management solutions,1
Online Vegetable eTailer,1
Data Sciences Platform,1
equipment rental and leasing company,1
Adaptive Fraud Intelligence Platform,1
Regional Operating System for Smartphones,1
Invoice discounting marketplace,1
Supply Chain Equipment & Services provider,1
Marketplace for organic products,1
B2B marketplace for Farmers & Retailers,1
Ethnic Products marketplace,1
Private Label Fashion etailer,1
Online Eyewear eTailer,1
Online event ticketing Platform,1
Interior Painting Automation,1
Salons & Spa Chain,1
Housing Finance For Low-Income Families,1
Designer consumer products Marketplace,1
IT Risk Assessment and Digital Security Services provider.,1
Online Learning App,1
Audio Technology Solutions,1
Smartphone OS Developer,1
SaaS platform for SMEs,1
Engineering Interview facilitation platform,1
Mobile Game Publisher for Indian audience,1
Office Products Super Store,1
Food Related Marketing & Branding platform,1
Waste Management,1
Online marketplace for kitchen products,1
End-to-End Seller e-commerce solutions Provider,1
online fashion brand store,1
Medical Devices Kit manufacturer,1
Big Data,1
E-Books,1
Courier Logistics & Order management Solutions,1
Data Analytics Company,1
Mobility Devices for differently abled,1
Cybersecurity Specialist,1
Cold pressed Juice maker,1
Cloud data protection and management solutions,1
IT Security & Data Management Services,1
Health Diagnostic Solutions,1
Auto Spare Parts eTailer,1
Off-grid solar products platform,1
Assisting Visually Impaired to learn through Braille,1
Healthcare facilities at doorstep,1
Medical Diagnostic Solutions,1
Post merger Integration Partners,1
Data Analytics based Customer Management Services,1
Family Stem Cell Banking Services,1
Largest Trucking Platform,1
Food Ordering and Restaurant Discovery,1
Fin-Tech,1
Farming rental equipment provider,1
Furniture eTailer,1
Indoor Skydiving Sports Provider,1
Household packaging & Storage product manufacturer,1
Technology,1
Intelligent Sales Prospecting Platform,1
Insurance Marketplace for the Rural Sector,1
"Furniture, appliances Portal",1
Organic Food eTailer,1
Software Solutions,1
Hygiene,1
Online Marketplace for Construction Material,1
DIY project Kits seller,1
Gesture based\\xc2\\xa0 Smartwatch manufacturer,1
Agricultural Loan,1
Student accommodation platform,1
App based Logistics & Distribution platform,1
Travel Ticket Booking Software,1
contextual mobile advertising,1
Connectivity platform for local grocery stores,1
Healthy food manufacturing & sales startup,1
Auto Insurance,1
Consumer Financing Platform,1
An Artificial Intelligence-Based Recruitment Platform,1
Hemostatic Dressing Solutions,1
Mutual Fund Investment App,1
Vehicle loan approval platform,1
Healthtech IoT platform,1
Express Logistics Network,1
Telecom & Media IT services company,1
Smart Learning products,1
WiFi Analytics Platform,1
Logistics Solutions provider,1
Personal care product etailer,1
Parking Technology Platform,1
Recovery software,1
Furniture Rental Platform,1
Banking Software License Platform,1
Cold-press Juices manufacturer,1
Study Material Marketplace,1
Predictive Healthcare platform,1
Mobile Games Development Firm,1
Drone operations management platform,1
ECommerce Marketing Software,1
Hygiene care product manufacturer,1
Cloud-based product discovery platform,1
Executive Education Provider,1
Education Institution Management Solutions,1
Cloud based Virtual Servers,1
eyewear eTailer,1
Audio Visual Digital Content creators for Brands,1
Content marketing platform,1
Software & Mobile app development platform,1
Custom Furniture Online,1
Startup Funding Deal Discovery & Execution platform,1
Grocery Delivery,1
Mobile analytics and marketing,1
B2B Procurement Marketplace for Office Products,1
Healthcare Product Manufacturer,1
"Consumer Electronics, Home Appliances",1
AI platform for hospitality industry,1
Security-as-a-Service solution provider,1
Patient Financing Platform,1
AI Based Expense Management Platform,1
Online fresh fruits and grocery store,1
B2B Marketplace for Handicrafts,1
Footwear & Leather B2B App,1
TV to Mobile audience Platform,1
Elearning,1
POS For Online Ordering,1
Predictive Care Platform,1
Location tracking solutions,1
Mobile Security App development & Distribution,1
Online Fashion Apparel Retailer,1
Fleet management and asset monitoring platform,1
Turnkey Solar Solutions,1
Low carb food for Diabetics,1
Supplychain Finance,1
Mobile repair and Refurbishment platform,1
Pregnancy & Baby Care etailer,1
Luxury Fashion Marketplace,1
Indian Burger Brand,1
Last-mile retail transaction technology,1
B2B Foodtech,1
Ecommerce enabler platform,1
Bike and Taxi pooling online platform,1
Online Healthcare provider,1
eCommerce Marketplace,1
Relocation Service provider,1
Online Marketplace for books,1
Real money based gaming startup,1
Sustainable Green Tech Solution developer,1
Freight Logistics Marketplace,1
Home Healthcare Aggregator,1
IoT and SaaS based transportation platform,1
Cloud Solutions provider,1
Home-Based Healthcare provider,1
Fragrances & Perfume eTailer,1
Cancer therapeutic Info & Solutions,1
IT services & Talent collaboration services startup,1
Beauty and Grooming,1
Micro finance institution providing small ticket unsecured loans to women,1
VR based Spiritual platform,1
Online Hotel Reservation Platform,1
Herbal energy shot maker,1
Agriculture Supply Chain solutions,1
Restaurant & Hotel CRM platform,1
SaaS-based web optimisation and marketing platform,1
Peer-to-Peer Lending Platform,1
Car Wash,1
e-learning Platform,1
Nanotechnology Company Specializing In Graphene,1
Third Party Logistics provider,1
Online/ Mobile Jewellery Retailer,1
Robotics,1
Personal Assistant,1
Online Marketplace for Schools,1
Digital Lending Platform In Logistics,1
Individualised Progressive Learning Program,1
Online Retailing,1
Doctor Patient Communication platform,1
Ecommerce Portal for Used Goods,1
Software & Mobile development services,1
Software Solutions for Auto Dealership,1
Tech Accessories e-tailer,1
Mobile Accessories etailer,1
AI Driven Health tech Platform,1
Weather Forecast Platform,1
IoT based Tech Startup,1
Clinical research and data analytics,1
Full Service Ecommerce Agency,1
Social Business Incubator & Fund,1
Online Eyewear Shopping Portal,1
Car Retail,1
Online vehicle service booking platform,1
AI-powered deep learning solutions,1
Decision Sciences Analytics Solutions,1
Social Fashion ECommerce Discovery platform,1
Electric Vehicle,1
Med-tech Platform Providing Care For Newborns,1
Digital Entertainment for Children,1
"""""""Women\\'s Fashion Clothing Online Platform""""""",1
Supply Chain Solutions Provider,1
Drone Manufacturing,1
Mobile App Tech Solutions,1
Banking,1
Home Furnishing & Building material marketplace,1
Enterprise Work Management Software,1
Healthcare related Services provider,1
E-commerce Fulfilment Platform,1
Data Analytics (SaaS),1
Home Decor and Online Fashion Portal,1
Gamified Learning App,1
Field Force Automation System,1
Premium Tea & Coffee Capsules maker,1
Video Platform,1
Data Analytics Firm,1
IoT based air pollution controller,1
Agriculture Technology,1
B2B SAAS based product,1
Converged Backup & Data Protection Solutions for Enterprises,1
Medical Video Consultation platform,1
Online Medicine,1
Doctor-Consultation App,1
Artificial Intellegence,1
Imaging Technology for Armed Forces,1
On-Demand Logistics Service provider,1
Consumer IoT Startup,1
Construction Material Marketplace,1
Vegetables & Fruits Supply Chain,1
Online Meat And Seafood Ordering Startup,1
Preventive Health Checkup,1
Online Reseller Network,1
Online B2B Marketplace,1
Baby Monitoring Devices manufacturer,1
Automobile,1
Technology-Empowered Healthcare Solutions,1
Tech driven Logistic & distribution platform,1
Bot Protection Solutions,1
Cloud Based Data Protection Solution,1
"Organic,\xc2\xa0 Natural\xc2\xa0 Food substitute manufacturer",1
Logistics Management Software,1
Mobile Gaming Platform,1
Connected Smart Home Solutions,1
An AI Platform Offering Automated Customer Service Software,1
AI-powered anti-fraud solutions,1
Payments Platform for Marketplaces and Fintechs,1
Car Tracking & Safety System,1
Healthcare training programs,1
Loans and Services To Affordable Private Schools in India,1
Child Learning & Development Platform,1
AI-based chatbot,1
Online Medical equipment supplier,1
Audit automation Solutions,1
Health Food Restaurant Chain,1
AI-based Software as a Service Solution provider,1
Clinical and Wearable Diagnostic Product creator,1
Cloud Based Software Solutions Provider,1
Online Grocers,1
Ready-to-Drink Beverage Producer,1
unmanned aerial vehicles creator,1
B2B agri-marketing platform,1
Online lending Platform,1
"Education Network for Institutions, teachers & Students",1
Social commerce platform,1
"Sweets, Eatables, Handicrafts Online Marketplace",1
Mobile & Cloud based App developer,1
Fashion and Apparel,1
Mass Market Mutual Fund Investment Platform,1
Online Courses and Mentoring from Experts,1
Female Hygiene product manufacturer,1
Mobile based Meat ordering App,1
Online Micro Lending Marketplace,1
Health and Well being Platform,1
Treasury Risk Management Solution,1
Ecommerce Fulfilment and Technology Platform,1
Online Water Pumps etailer,1
Online Discovery and Shopping Platform,1
customer intelligence and marketing automation platform,1
Career Planning and Education Advisory Platform,1
Fashion e-tailer,1
Online Fashion Retailer,1
Artificial Intelligence Platform,1
Women\\xe2\\x80\\x99s Fashion ECommerce Portal,1
Non-banking financial company,1
rooftop solar platform,1
SAAS based Service Agreement Management,1
Social Media Anlaytics Platform,1
Online payment Gateway,1
Remote Healthcare Delivery Solutions,1
Enterprise Cloud Solutions,1
Non-Bank Lending Platform For SME,1
Technology based Logistics platform,1
School Uniform & Supplies Marketplace,1
Personalized fitness coaching & Fitness band,1
Expense Management,1
Tech based investor firm,1
Health Food Maker,1
M-Commerce Solutions for Retail Stores,1
Cloud-Based Enterprise Solutions,1
Yogurt and Ice Cream maker,1
Home services marketplace,1
Social Commerce\\xc2\\xa0 Fashion platform,1
B2B platform for Merchants & Retailers,1
SAAS ECommerce Retail app,1
Payroll & HR Software Developer,1
Horizontal Online Marketplace,1
Dockless Scooter Rental Company,1
Enrolment Management Platform,1
Mobile based travel ERP platform,1
Raw Meat Products eTailer,1
"Sales, Market, Distribution & Data Analytics Platform",1
Virtual Reality gaming and entertainment platform,1
Maritime Solutions,1
Diamond B2B eTailer,1
Real-Estate Workflow mobile app,1
Free Door Step Scrap Pickup Service,1
Fashion & Apparel,1
Trade Finance Firm,1
e-surveillance services provider,1
Transport and logistics mobile App,1
User analytics and engagement platform,1
Full Stack Offline & Online ERP Solution,1
eCommerce product discovery software,1
Asset Based Lending platform,1
Data Intelligence & Analytics,1
App based shuttle service,1
mobile payment platform,1
Healthy Snacks manufacturer,1
Cyber-Security Solutions Provider,1
Therapeutics,1
eCommerce Mobile App Builder,1
Credit Worthiness Big Data Analytics,1
Indian Startup ecosystem trends analyzer & funding platform,1
Micro-Delivery Grocery Startup,1
Online Spects Platform for Men and Women,1
Co-Working Space Provider,1
Rolls & Biryanis QSR chain,1
B2B Marketplace for Distributors,1
Application Performance Acceleration,1
Home Improvement Marketplace,1
Women Intimate Wear eTailer,1
Wine,1
Mobile News Curation App,1
Sports Arena discovery,1
Financial Services & Analytics Education Institute,1
Virtual e-commerce platform,1
Logistics and Shipping,1
Vernacular and Video Content Platform,1
mPOS solutions provider,1
Artificial Intelligence based platform,1
Mobile Apps & Tech Services provider,1
Personalized Products & Merchandize eTailer,1
Party Supplies Etailer,1
University Admissions,1
Bus Aggregation,1
Integrated receivables software solutions,1
Mobile Game Developer Studio,1
Online & Mobile learning for kids,1
Local language Mobile OS,1
Experience Discovery Platform,1
Sales Analytics and Enablement Platform,1
Mobile-Based Education Network,1
Genomics Research and Diagnostics Solutions,1
Next Gen Mobility device manufacturer,1
Markerless AR platform,1
hyperlocal fashion retail platform,1
Online ordering solution for restaurants and food chains,1
Diversified Financial,1
Health and Fitness Centres,1
Women\\xe2\\x80\\x99s Fashion etailer,1
Data analytics based Verification services Platform,1
Food Solutions For Corporate,1
Supply Chain Management,1
SME Funding,1
Daily Task Management Mobile App,1
EduTech Platform,1
Mobile Balance Check App,1
Industrial & Home Products Marketplace,1
ECommerce Logistics provider,1
Healthcare Software System,1
Aadhar based Document Signing platform,1
Mobile-based Accounting Software,1
Browser Testing,1
"mobile-first communication platform for on-field staff,",1
Fashion etailer,1
Employee Onboarding and Engagement platform,1
Game Development Startup,1
Branded Workspaces Aggregator,1
Embroiled Clothes For Women,1
Expense Management Solution,1
Used Furniture Marketplace,1
Mobile Education Platform,1
Augmented Reality Solutions,1
Logistics Services and Solutions,1
Digitized Health-Tech Solutions For Practitioners,1
Wearable tech and Internet of Things platform,1
Mobile-only Retailers Engagement Solution,1
Fuel Delivery,1
Mobile Services & Solutions,1
Fresh-Produce Distribution Platform,1
Enterprise Automation suite,1
Men's Health and Wellness brand,1
Blockchain Platform,1
Online Music Streaming,1
Designer-led consumer products,1
Buying portal for SMEs,1
Carpooling Services,1
Mobile Weight Loss Coach,1
Saas based Corporate Travel Management Solution,1
Omni-channel web commerce solutions provider,1
Beauty Products etailer,1
Packers & Movers,1
Mobile App & Web Development company,1
GPS based SaaS Solutions,1
Online Platform Providing Micro Loans For Air Travel,1
Defense Tech & Aerospace startup,1
SAAS application for Pharma Industry,1
"Online food, Grocery ordering & Delivery",1
Online Car repair Marketplace,1
Cloud Based ERP Software,1
online translation and transliteration,1
Co-Working Space Platform,1
Lock screen Rewards mobile app,1
Digital payments & recharge platform,1
Online Food Delivery platform,1
Social Meeting organizer App,1
Mobile Gaming Studio,1
Mobile Email productivity tool,1
Hyperlocal\\xc2\\xa0 Communication Mobile app,1
School Parent Communication App,1
Online health-on-demand platform,1
Online Wealth Management & Savings platform,1
Food Discovery Platform,1
AI powered recruitment platform,1
Free Interactive education platform,1
Transportation & On-demand delivery aggregator,1
Sports & Sport related equipment portal,1
Digital Media publication for women,1
Online Food Ordering & Delivery,1
Real-time Mobile App Management Platform,1
Hyper-local Handyman Service provider,1
Parenting and Child Care portal,1
Online Doctor Consultations,1
Web/Mobile Music Streaming service,1
Social Discovery Mobile app,1
Online Sports discovery and booking platform,1
Mobile Advertising App,1
Classified Listings platform,1
Online Fashion Discussion Community,1
Fresh Food Delivery platform,1
Micro Jobs Provider For Students,1
Healthcare related content platform,1
Online Media,1
Parenting and Baby care Platform,1
Gadget Repair Services Platform,1
Parenting Mobile app,1
Online Communication and Collaboration Platform For Educational Institutions,1
On-Demand Beauty Services,1
Bus Aggregation Platform,1
Beauty Services Marketplace,1
Education Focused Financing Platform,1
Personalized Learning Solutions & products,1
Branded budget hotels marketplace,1
Online Truck Aggregator & Booking platform,1
proximity based\\xc2\\xa0 Rewards platform,1
Health Test Discovery & Ordering service,1
Online portal for Home Design,1
Mobile based rewards platform,1
Bike Aggregator App,1
Events & Restaurant Discovery Marketplace App,1
Unsecured Small Business Loans,1
Online Interior Design platform,1
First Aid care app,1
Product Shopping Comparison App,1
Online Investment Banking platform,1
Public Transport Mobile App,1
Inter-City Taxi Booking platform,1
Online Doctor Discovery Platform,1
Health-based social networking & discovery App,1
Hyperlocal discovery platform,1
English Online News portal,1
SAAS Based HelpDesk Services,1
Online Recruitment Marketplace,1
Home Loan Down payment assistance program,1
Online Marketplace for Photographers,1
Online/Mobile food ordering platform,1
Online & Mobile based Lending platform,1
Personality Development Mobile App,1
Marketing Automation platform,1
Lending platform for salaried professionals,1
Cloud Mobility Solutions,1
Party Hall Booking platform,1
Interior Design Marketplace,1
Online Pet Care Products,1
foreign exchange services,1
parenting blog and kids\\xe2\\x80\\x99 events discovery platform,1
Online Marketplace for financial products,1
Online bike service and repairs platform,1
E-sports platform,1
Digital Media and Entertainment Startup,1
Loan Comparison Portal,1
Financial advisory mobile app,1
"Venue, Events Booking platform",1
Free Ad based Voice Calling,1
Various Highway Help Services,1
Real-time Mobile App Management,1
Car repair and Servicing Platform,1
Mobile App for live emoji,1
Community Platform for Artists and Designers,1
Online Gift Vouchers platform,1
Help Hiring Platform,1
Online Procurement Marketplace,1
mobile based aggregator for local service providers,1
Online rental discovery platform,1
Personal Device Assistant App,1
Beauty Salon Aggregator,1
Online Grocery & Food Store,1
Online Rummy playing Website,1
On-demand home services provider,1
Unified Push Notification service,1
Online Salon Aggregator,1
Social Platform for babycare and parenting,1
Conversion Rate Optimization Platform,1
Digital money transfer platform,1
Online Counselling Platform,1
Professional Driver discovery & Booking Mobile app,1
Online Talent Discovery Platform for Kids,1
Matchmaking app for the differently abled,1
Learning mobile app for students,1
Online Car servicing Booking platform,1
Motorbike rental platform,1
AI Powered Content & Commerce platform,1
Web Video Streaming Platform,1
Gadget & Appliances Service App,1
health and fitness discovery platform,1
Online food ordering platform,1
On-Demand Task Management App,1
Online Home Furnishing Solutions,1
Contract Automation,1
ambulance aggregator and medical taxi provider,1
Matchmaking Mobile App,1
Online Motorbike And Scooter Rental Platforms,1
Online Platform for small business loans,1
Doctor & Clinic\\xc2\\xa0 Discovery Platform,1
Career Planning Services Portal,1
Artist Discovery & Booking platform,1
Mobile Wallet Aggregation platform,1
Startup Focused Media News Portal,1
Online Car Sharing platform,1
Self-driven car booking platform,1
Cashback Mobile app,1
Online Health Diagnosis platform,1
eLearning & Skills Development plat,1
Collaborative co-Working Spaces,1
Daily Subscription based Delivery service,1
Wealth Management App,1
Online Doctor Discovery platform,1
Healthcare Services Aggregator,1
Lending platform for Salaried professionals,1
Salon & Spa Aggregation & Discovery platform,1
App based cab aggregator,1
Branded PG Accomodation booking platform,1
Online Food Ordering platform/App,1
Fitness Gym & Services Discovery platform,1
Loyalty rewards platform,1
"Style, Fashion Discovery Mobile app",1
Retailer Supply Chain platform,1
Health related Information portal,1
"Cashless, paperless solutions for Housing societies",1
Online Marketplace for Used Cars,1
Internet-based TV streaming service provider,1
Smart Parking Platform,1
Bus Pooling services platform,1
Online Media Platform,1
on-demand online talent marketplace,1
Daily Task Management App,1
"Online Travel, Adventure & Activities Portal",1
Digital Media Video platform,1
Alcoholic beverage discovery platform,1
Student Acquisition Platform,1
Fitness centre Discovery & Booking Mobile app,1
Budget Room Aggregator Booking platform,1
Optical Store Aggregator Platform,1
Mobile Fashion App,1
Employee engagements & Rewards platform,1
AI-based health content platform,1
Doctor Search Mobile App,1
Govt Policy Research & Information portal,1
Online Hotel aggregator & Booking platform,1
Fashion Accessories Etailer,1
Local Language Health Information portal,1
Events Ticketing platform,1
Crowd Funding Platform,1
MF investment platform,1
Sports Based Online Media portal,1
Mobile App for Doctors,1
Health & Fitness App,1
Dating & Singles Chat Platform,1
Co-Living space aggregator,1
Local Lifestyle Content and Discovery Platform,1
Online event-booking platform,1
Ed-Tech Platform,1
App based Travel Discovery and Transactions platform,1
Gamified Consumer Insights Portal,1
Online/ Mobile Tax Cab booking,1
Student focussed Content Discovery portal,1
Social Networking app for outdoor interests,1
Online Marketplace For Pharmaceutical Products,1
social messaging platform,1
Mobile Contacts Management app,1
Mobile Messaging App,1
Online Income Tax Filing platform,1
Lending Platform For SMEs,1
Peer-to-peer lending platform,1
Cab Aggregator App,1
Online Salon discovery & Booking Services,1
GRC SAAS Platform,1
Online Tutoring Platform,1
Movie Ticket Booking platform,1
Online transport vehicle booking platform,1
P2P Lending platform,1
Online Share & Commodity Broking platform,1
Home Decor eMarketplace,1
Beauty products discovery platform,1
Online Counseling Platform,1
Rental Property Finder platform,1
Internet & Fresher Job platform,1
Online Home Rental platform,1
Co-Working Spaces Discovery & Booking platform,1
Self-Publishing books platform,1
On-demand 2-wheeler Servicing platform,1
Competitive Exam Preparation Platform,1
Tea Delivery Portal & offline stores,1
online marketplace for discovering fitness centres,1
Cashback & Coupons platform,1
"Wedding Wishlist, Gifts & Registry Creation platform",1
Taxi Rental Platform,1
Online exam practice & preparation platform,1
Two Wheeler Taxi Service,1
Hyperlocal Discovery,1
Online Photography platform,1
Personalized Fashion App,1
Rural E-commerce Platform,1
Hyperlocal home services provider,1
End-to-end Event Organizers Solutions,1
Couple Socialization App,1
Dynamic Restaurant Website creator,1
Online Sports portal & Mobile app,1
Ad Network,1
Online Community for Parents,1
Social discovery platform,1
Hyperlocal Beauty Services platform,1
On-Demand home cleaning services,1
Online Platform For Luxury Hotel Stay For Business Travelers,1
Mobile based ecommerce platform,1
Mobile-based social networking platform,1
Online Job Board,1
Ready To cook Food Solution,1
Mobile based learning app,1
Immunisation Management Platform,1
On-demand Legal documentation and registration service,1
Skill Showcasing platform,1
Online Credit scoring platform,1
Subscription based Home Delivery Platform,1
Instant Mobile Apps Store,1
Credit Report Info platform,1
Mobile customer rewards management platform,1
Digital platform for Women,1
Bike Aggregator Mobile App,1
Professional Tutors discovery & booking mobile app,1
Educational Gamification & Simulation platform,1
Online Micro Lending Platform,1
Intra-City Logistics provider,1
DIY event registration and ticketing portal,1
Online Investment Advisory platform,1
Price Comparison Portal,1
Personal AI Transaction Engine App,1
Subscription-Only News Website,1
healthcare service aggregator,1
Live Online Coaching Classes,1
Hyperlocal Advertising Platform,1
Skill development and vocational training platform,1
Budget Accomodation Aggregator,1
Online Travel Aggregator,1
online restaurant reservation platform,1
online personalized insurance platform,1
Health and fitness Platform,1
Online Stock Broker,1
Online Travel & Holiday Booking platform,1
Online News Media Network,1
Online travel booking platform,1
Consumer Leasing Platform,1
Online Deals & Discount platform,1
Out-Station Taxi Rental Platform,1
P2P Messaging Service,1
Online Lending MarketPlace,1
Loyalty rewards app,1
Health Tests Booking platform & ePharmacy,1
Social Health Networking Platform,1
\\nLoans Comparison platform\\n\\n\\n\\n     (adsbygoogle = window.adsbygoogle || []).push({});\\n\\n,1
Automobile Classifieds Portal,1
Online Diabetes Management platform,1
Professional Expert Advice Platform,1
Online filing of Tax returns,1
Online Beauty Parlour search & discovery Platform,1
Photography curation & Aggregator platform,1
Online Scholarship Portal,1
Online Fantasy Games,1
Travel Packages & Planner marketplace,1
Offline Business Aggregator App,1
Online Math Learn,1
Sports Discovery platform,1
Social Network for Mothers,1
Online Food Ordering & Delivery Startup,1
Online Recruitment Platform,1
Assisted E-commerce Platform,1
udget hotel marketplace,1
Video Based Collaborative Learning,1
Fashion Discovery App,1
Mobile app based Concierge Service,1
Online / Mobile Food Ordering platform,1
Online Ecosystem of social innovators,1
Tech Enabler for Artists,1
Online Preventive Healthcare Platform,1
Fashion Discovery platform,1
Beauty & Wellness Platform,1
online marketplace for driving schools,1
Auto Service Logistics & SAAS platform,1
Savings platform for Medical Expenses,1
Legal Services to SMEs & Individuals,1
Online MF investment platform,1
Road Trip planning Mobile app,1
Celebrity Entertainment Contest App,1
Chauffeurs Discovery for private car owners,1
Personal Finance App,1
Hyperlocal Grocery Delivery platform,1
Online Car Repair and Servicing Booking platform,1
Video Intelligence platform,1
Startup Support Platform,1
Mobile app based Job Search,1
Online Ticketing Platform,1
Personal Finance platform,1
Rental property search portal,1
Video Streaming platform,1
Car Rental Software,1
Queue management Mobile app,1
Free Online Education Platform,1
Online Loan Comparison & Discovery platform,1
Language learning Mobile App,1
Online rooms aggregation platform,1
Consumer Lending platform,1
Parenting & Child Care app,1
Deals and Discount platform,1
Real Estate content portal,1
Mobile App discovery and review platform,1
Online Consumer Lending Platform,1
Peer to Peer Lending platform,1
App based Doctor Consulting platform,1
Tech-Enabled Social Enterprise,1
Curated Platform for Developers,1
Social Media and Chat Entertainment Platform,1
Mobile gaming startup,1
Product Photography Mobile App,1
Multi-Lingual self-publishing platform,1
Online Branded Budget Room Booking Service,1
"Fitness Centres, Gym Discovery online marketplace",1
Recruitment Portal,1
Online Marriage Registration services,1
shared living and working spaces platform,1
Online Unsecured Lending platform,1
Online Medical Assistance platform,1
Online Rental discovery,1
Talent Discovery & Audition management platform,1
Shuttle Service Provider,1
Online Bike Rental platform,1
Online Marketplace For Resellers,1
Gadgets Repair & Service Booking platform,1
Digital Wallet platform,1
Online invoice app for SMEs,1
Online Furnishing Rental Platform,1
Mobile based Geo-target Fashion Marketplace,1
O2O fashion discovery platform,1
Self-Driven Car Services booking portal,1
Social Networking platform,1
Online Educational courses,1
Online Credit score & lending platform,1
Mobile Apps SaaS Platform,1
Digital Wallet,1
Last minute hotel booking mobile app,1
On-Demand Food Delivery,1
Library Chain Aggregator,1
Online Property Search Portal,1
Fitness Discovery Platform,1
Online Food Delivery for Train Travelers,1
Wedding related services community,1
College & Student information platform,1
online lifestyle media recommendation portal,1
Fitness center aggregator & Booking mobile app,1
Location based Sports & Fitness Discovery App,1
Medical Support service platform,1
Book Recommendation Service,1
Govt service application portal,1
Travel & adventure planning platform,1
Online Job and Career Platform for Women,1
Wedding Website Creator,1
Online Credit management tools,1
Mobile Based Bollywood Discovery platform,1
Educational College Search platform,1
Online Fitness Discovey Platform,1
Custom & Modular Furniture platform,1
Mobile App based Fashion Network,1
Self-Driven Cab booking platform,1
Marketing app for retailers,1
Children\\xe2\\x80\\x99s Entertainment Portal,1
Mobile Payments Platform,1
Digital Marketing & AdTech Platform,1
Healthcare plan comparison platform,1
Virtual Health Clinic for Women,1
Matchmaking App for Disabled,1
Car driver Discovery App,1
Online Travel/Hotel Booking platform,1
Hyperlocal Delivery Platform,1
Mobile Payments platform,1
Women Healthcare & Information portal,1
Online Vehicle Services Booking platform,1
Cloud Telephony Platform,1
DIY Ecommerce platform,1
Healthy Food Delivery Platform,1
Online Lending Platform for SME,1
On Demand Laundry Services,1
Hobby & Activity Class Aggregator,1
Self-Branded Websites & Apps for Ecommerce,1
Online News portal,1
Self-Driven Car rental platform,1
E-Tech platform,1
Womens Health Tracker App,1
Internet of Things Platform,1
Hyperlocal Handyman services platform,1
Fractional Proerty Ownership & Rental platform,1
Doctor & Clinic Discovery portal,1
Events & Activities Marketplace,1
Job Board for Clue Collar Jobs,1
Digital Payments platform,1
Personal Fashion Stylist App,1
Vacation Trip Planning platform,1
Online Tax Filing platform,1
Online Financial Planning,1
Online Crowdfunding platform for NGOs & Social Projects,1
Doctor Discovery and booking platform,1
Home Loan Rate comparison platform,1
On Demand Laundry & Dry Cleaning Services,1
E-Tailoring service provider,1
Online Food Ordering platform,1
Deal Discovery App,1
UPI Payments App,1
Smart Parking Enabler,1
Doctor Consulting platform,1
Fruit & Vegetable Delivery platform,1
Cloud Based Software Solutions,1
Subscription-based grocery delivery Mobile App,1
Mobile Storefront And Commerce Platform For Sellers,1
Payment Solution Mobile app,1
Financial Services For Unorganized Workforce,1
Parenting Social Network Platform,1
co-working space provider,1
Hyperlocal daily needs Products delivery platform,1
Bike Taxi Service & Hyperlocal Delivery App,1
Indians focused Matchmaking App,1
Doctor & Hospital search Platform,1
Sports Social Network mobile app,1
Train Travel Info mobile app,1
Automobile Service Booking App,1
Online Dermatology consultation platform,1
Hyperlocal Home Maintenance services,1
Online Travel Agecy,1
Online printing marketplace,1
Doctor Consultation platform,1
Online legal Services for Startups,1
Education collaboration platform,1
Online Travel Search Engine,1
"on-demand, hyper-local Cleaning services provider",1
Online Alternative health community platform,1
Online Marketplace For Multi-brand Beauty Cosmetic and Wellness Products,1
Property Discovery Platform,1
Mobile app for Mental Health,1
Credit card fraud protection,1
Finance management Mobile app,1
Free Legal Advice,1
Jobs & Skill Validation platform,1
Online Education & Tutoring portals,1
Online Spa & Salon discovery & Booking platform,1
Cab Aggregating Platform,1
Subscription based delivery platform,1
Online Mutual Fund Investment platform,1
women focussed customer-to-customer reseller network,1
App based cab aggregation Service,1
Community Building platform,1
Online Tutoring Services,1
Local Language Social Networking Platform,1
Digital Payment Platform For Beverage Delivery,1
SME Online Buying Hub,1
Online Bike Rental Marketplace,1
Online Furniture Shopping Store,1
Online Food Marketplace,1
Location-based offline retail discovery platform,1
Online Grocery platform,1
Pathology & Diagnostic Tests Portal,1
B2B Mobile App for Pharmacies,1
Parking Solutions mobile app,1
Fitness Services Aggregator platform,1
Online Medicine Delivery Aggregator,1
Digital Payments solutions,1
Mobile-First Video Blogging App,1
Student Micro-financing platform,1
Career Planning & Assessment platform,1
Online insurance Portal,1
Airline Ticket Aggregator,1
Real Estate Platform,1
Online mental healthcare,1
Social Network for Healthcare Professionals,1
Online/App Based Car cleaning service provider,1
Child healthcare experts aggregator mobile app,1
Online Household Product Rental platform,1
Lending platform for small businesses,1
Online certification platform,1
Instant Messaging App,1
App-based Investment advisory Services,1
Vehicle maintenance Services platform,1
Digital Media Entertainment Portal,1
Self Drive Car Rental,1
Music Discovery Mobile App,1
Bitcoin Buying & Selling Mobile App,1
Self Drive car and bike rental platform,1
Micro-lending platform,1
Healthcare services portal,1
AI Based Personal Assistant,1
Hyperlocal Discovery\\xc2\\xa0 & Rewards platform,1
B2C vernacular podcast aggregator platform,1
Truck Aggregator & Booking platform,1
on-demand chauffeur provider,1
City based News Aggregator App,1
Online Test Papers for competitive exams,1
SAAS DIY\\xc2\\xa0 ECommerce Platform,1
Consumer Technology and Artificial Intelligence Based Aggregator App,1
SME lending platform,1
Budget hotels brand & Aggregator Platform,1
Online Video Lectures platform,1
Healthcare Services & Online Pharmacy Mobile App,1
Peer to peer Lending marketplace,1
Online Lending mobile app,1
AI based Fashion Search Portal,1
Online Tax Filing Portal,1
Hindi Language Social Networking Portal,1
Online Platform That Connects Brands With Freelance Sales Professionals,1
Online Travel Portal,1
Career progression Portal,1
Seed Investment & Innovation Platform,1
Online Legal Consultation platform,1
"Curated Food, event & Lifestyle guide",1
Online Pharmacy Chain,1
Enterprise Contract Management Platform,1
Online health & Wellness platform,1
Online counselling & Personal coaching platform,1
Peer to peer property listing platform,1
Money Savings & Management App,1
Co-Living Spaces Aggregator,1
Background Verification Services,1
Bus Aggregator Mobile app,1
Women\\xe2\\x80\\x99s health Tracker,1
Parenting Social Network,1
Online Used Car Marketplace,1
app-only lending platform,1
Online Doctor Discovery & Chat platform,1
Online Platform That Sells Direct Plans Of Mutual Funds,1
Sports engagement platform,1
Logistics and truck aggregator platform,1
Live Music Streaming App,1
Cab aggregation & Rental platform,1
Hotel reservations & Deal platform,1
on-demand concierge services,1
Restaurant Menu & Food mobile app,1
Online wedding services marketplace,1
App based networking platform,1
Internet Service Provider,1
On-Demand Gadget repair services platform,1
Online Chef Discovery & Booking Service,1
Online Wedding Information Portal,1
Fashion and Lifestyle discovery platform,1
Online Budget Hotel Aggregator & Booking Platform,1
Student Micro-Loan platform,1
Online Tech Portals,1
Alumni social network,1
Train PNR Status Prediction Platform,1
Healthcare Services Comparison Platform,1
Budget hotel aggregator,1
Online Fitness & Educational information Aggregator,1
Scooter Rental Platform,1
Personal Styling Online platform,1
Hindi social networking portal,1
Children\xe2\x80\x99s Entertainment Games & Products,1
Mobile based Logistics provider,1
Ride Sharing platform,1
O2O fashion ecommerce platform,1
Property Search Aggregator platform,1
Compliance Management Software,1
Branded Camping location Aggregator,1
Photo and Video Sharing App,1
mobile platform for corporate employee benefits,1
Online insurance brokerage platform,1
Public and Private Events creation app,1
Foreign Currency Payments Platform,1
Online Peer to Peer Funding,1
hyperlocal Logistics services provider,1
"Online Content Discovery, Creation & Distribution Platform",1
Sports Content Mobile App,1
Digital Media Content and Distribution platform,1
Parenting Network Platform,1
Video Social Network,1
Civil Services News Aggregator,1
Ambulance Aggregation Services,1
Mobile-first Enterprise communication platform,1
Mortgage Offering Platform,1
Home Tutors search & Discovery,1
"A Local Discovery App For Dining-Out, Party, Leisure and Events",1
Co-working spaces,1
Holiday & Vacation resort aggregator,1
Fitness Discovery & Booking platform,1
Holiday Packages provider,1
Visual Content Discovery platform,1
Cleaning Services Provider,1
Online Jon Portal,1
Gadget Insurance & Repair Services platform,1
Platform to take businesses online,1
Online Puja Booking Service,1
Local Recommendations and Discoveries Platform,1
Electronic Health care records platform,1
Entry-Level job Seekers platform,1
Vernacular content mobile app,1
Event & Movie Ticketing platform,1
Vernacular Language Content Creation & Sharing App,1
Online Platform for Event Sponsorship,1
Online Outdoors & travel,1
For profit Social Venture,1
Mobile balance Checking App,1
Creative Artists Discovery & Booking platform,1
Mobile Marketplace for Crowdsourced Work,1
Micro Grocery Delivery Platform,1
Instant Content Transfer Mobile App,1
Real estate risk assessment platform,1
peer-to-peer lending platform,1
Online food delivery platform,1
healthcare aggregator platform,1
Online Organic Juice Delivery Service,1
Budget Hotel Aggregator platform,1
Mobile App for Schools,1
Branded Budget Hotels Aggregator,1
"Mobile Phone Theft, Damage Protection platform",1
Online Working Capital Business Loans Platform,1
On Demand Digital Sports Network,1
Fashion and Store discovery mobile app,1
Events and Activities Discovery Platform,1
Online Restaurant Reservation Platform,1
Online Fitness Marketplace,1
Short News Mobile App,1
Online Notes Sharing Portal,1
Video Based Doctor Consulting platform App,1
Car/ bike Pooling App,1
Online Insurance Startup,1
Pet Parenting mobile app,1
AI based Office Assistant Mobile App,1
Hyperlocal Discover Mobile App,1
Luxury Helicopter Tourism Services portal,1
Mobile-based Social Platform for Sports,1
Stay & Travel related services,1
peer-to-peer renting Marketplace,1
Online milk delivery,1
Photo Sharing Mobile App,1
Education based online portal,1
Online Gold Loan,1
home maintenance services platform,1
Dentist Appointments booking platform,1
Online Food Ordering & Delivery Platform,1
Parenting Info & Social Network,1
Footwear Recommendation App,1
On-demand Delivery & Logistics platform,1
Online Learning platform,1
Community services platform,1
Home rental Discovery & Booking Portal,1
Educational Video Content Creator,1
Online Furniture Customization platform,1
Auto Classifieds Portal,1
Holy Platform Offering Customised Puja Packages To Individuals and Corporates,1
instant messaging platform,1
Online Instant personal Loan provider,1
Co-Working Spaces aggregator,1
Tutor Search Platform,1
Online Legal services platform,1
Aggregator For Packaging Material,1
Online Eyewear Retailer,1
Credit Score Improvement platform,1
Campus Social Networking App,1
Scrap Collection and Recycling platform,1
Online Crowdfunding platform,1
Independent Online Video production company,1
Education Marketplace,1
Photographer Discovery & Information platform,1
Mobile entertainment App,1
Online real estate listings,1
Online Skill Assessment Platform,1
Photo Sharing for Groups,1
Online investment platform,1
Online Indian Car Rental Platform,1
Online Travel planner,1
Online Blogging Platform,1
Online Peer to Peer Lending platform,1
Online Investment management portal,1
Social Networking Platform for Writers,1
Independent News Media Portal,1
Online Insurance platform,1
Health coaching programs,1
on-demand logistics service provider,1
Sports Venue discovery and booking platform,1
Online Platform For Risk-Assessment Services For Real Estate Investments,1
Fitness Centre Discovery Platform,1
Online Car rental booking platform,1
e-Book Publisher,1
App-based Aggregator of Offline Businesses,1
Money Lending platform,1
Bitcoin Wallet,1
End to End health and wellness platform.,1
Unified Data Analysis platform,1
Online medical support platform,1
Rental Bike Aggregator App,1
Online Financial Marketplace,1
News Portal,1
Budget Hotels Aggregator,1
Fitness related Social Networking App & Forum,1
News and ebooks Mobile App\\xc2\\xa0,1
Online Restaurant Table Reservation Platform,1
Online Job Portal,1
Social Media Marketing platform,1
Mobile based Vehicle maintenance App,1
P2P platform for Fashion sales,1
Hotel Booking platform,1
Waste Recycle Management platform,1
Local homes booking platform,1
Peer-to-peer Social Learning platform,1
Fashion Discovery Mobile app,1
Online Travel Ticketing Platform,1
Healthcare Aggregator,1
Pet care portal & mobile app,1
Health & Fitness Wearable Device,1
Goods & Services Barter Platform,1
Online Laundry & Washing service Booking & Delivery,1
Hyperlocal Home Services Provider,1
Online Gaming Platform,1
Consumer Lending Platform,1
Golf Session Online Bookings platform,1
Loan Comparison & Deals platform,1
Matrimony & Couples only mobile platform,1
Machine learning based parking discovery,1
Mobile Learning App,1
Micro Food Delivery platform,1
Mobile App for SAAS based Training,1
Health Products & Services Aggregator,1
Healthcare Discovery & booking platform,1
On-demand Personal Assistant service,1
Hyperlocal doorstep Beauty Services provider,1
Doctor & Clinics Discovery platform,1
Mobile based Referral Platform,1
Online Diagnostics and wellness platform,1
Online Car Service Platform,1
Furnished Home Rental Platform,1
Online consumer lending platform,1
Event Registration and Ticketing platform,1
Coupon & Cashback platform,1
Mobile based social networking platform,1
Online healthcare service discovery platform,1
Ondemand Concierge Service,1
Last mile logistics solutions,1
Personal Finance Mobile App,1
Online travel agent marketplace,1
online to offline marketing platform,1
Online Tutoring Service provider,1
Online Bike & Car Services provider,1
Online match-making app,1
Online Job portal,1
Online Furniture Rental platform,1
Personal Wealth Management Platform & App,1
Small Business Loans Marketplace platform,1
Online Car & Bike Insurance Comparison portal,1
On-Demand Beauty Service provider,1
Train Related Information portal,1
Food Ordering Portal,1
Tutor Discovery & Booking platform,1
Online Marketplace for Wedding Venues and vendors,1
Tech Enabled Laundry Service Provider,1
API Platform,1
On Demand Cleaning Services Mobile App,1
Online Stock Trading Platform,1
Smart Online address tags,1
Mobile based private tutoring services,1
Visual Search & Image Recognition Platform,1
Online Funds Raising Platform,1
inter-city cab aggregator,1
hyperlocal delivery and logistics mobile app,1
Mobile based on-demand Beauty Services platform,1
Cross Platform P2P file sharing mobile app,1
Hyperlocal Grocery Delivery Service,1
Online Pharmacy portal,1
Home Loans Aggregation platform,1
co-working spaces,1
Legal Advice Platform,1
On-Demand Healthcare Service provider,1
online marketplace for wedding venues and vendors,1
Casual Gaming platform,1
Assisted Learning Startup,1
Expert Advice Platform,1
Healthcare related solutions,1
Employee engagement platform,1
Mobile & Digital Wallet,1
interior design and home furnishing portal,1
Mobile based Children health Information app,1
