SubVertical,total_funding
nan,8597207368.0
Bike Taxi,3900000000.0
Online Marketplace,2648700000.0
ECommerce Marketplace,1700000000.0
Mobile Wallet & ECommerce platform,1460000000.0
Mobile Wallet,1057000000.0
Private Equity Firm,600000000.0
Business development,585000000.0
Wearable Fitness Bands,450000000.0
App based cab aggregator,330000000.0
Robotics,300000000.0
Online Grocery & Food Store,300000000.0
Scooter sharing app,283000000.0
Diversified Financial,270000000.0
Cab Aggregator App,260000000.0
Online Lending Platform,255900000.0
Branded budget hotels marketplace,250000000.0
Branded Budget Hotels Aggregator,250000000.0
Online Eyewear Shopping Portal,231000000.0
Online Insurance Selling Platform,227700000.0
Fashion & Apparel,226000000.0
Logistics and Shipping,225000000.0
Virtual e-commerce platform,220000000.0
Online Grocery Shop,212000000.0
E-learning,206627820.0
Music Education,200000000.0
Food Ordering and Restaurant Discovery,200000000.0
Tech based investor firm,200000000.0
Horizontal Online Marketplace,200000000.0
Online Travel/Hotel Booking platform,180000000.0
Social Commerce,175000000.0
Mobile Messaging App,175000000.0
Logistics,166000000.0
Online Marketplace For Multi-brand Beauty Cosmetic and Wellness Products,157200000.0
Education,155972500.0
Cab Aggregation App,154500000.0
Online Food Delivery Platform,151500000.0
Business and customer engagement tools,150000000.0
Auto Classifieds Portal,145000000.0
VC Funds,140000000.0
Fresh Agriculture Produces,140000000.0
Recovery software,135000000.0
Health and fitness Platform,120000000.0
App based cab hailing services,117700000.0
Online Music Streaming,115000000.0
Digital Lending Platform,110200000.0
Online Food Delivery,104311200.0
Tech enabled Fulfilment & Logistics Solutions,100000000.0
Budget Rooms,100000000.0
"Online Portal for Diet,fitness and Beauty",100000000.0
Data Analytics Company,100000000.0
Non-Bank Lending Platform For SME,100000000.0
Online Ticketing Platform,100000000.0
Online Branded Budget Room Booking Service,100000000.0
Online Gaming Platform,100000000.0
Digital Payment Platform,90950000.0
FinTech,84000000.0
Event & Movie Ticketing platform,82000000.0
Cloud data protection and management solutions,80000000.0
Online food delivery platform,80000000.0
Online insurance policy aggregator,79200000.0
Online marketplace,78700000.0
Technology based Logistics platform,75000000.0
Educational Video Content Creator,75000000.0
Online Rummy playing Website,73700000.0
Online freight aggregator,70000000.0
Grocery Delivery,70000000.0
Automobile,70000000.0
Online Pharmacy,67000000.0
UPI Payments App,66000000.0
Budget Hotels Aggregator,62000000.0
Wealth Management,60000000.0
Industrial Tools and Equipments,60000000.0
B2B Marketplace,60000000.0
Eyewear & Accessories etailer,60000000.0
Off-grid solar products platform,60000000.0
Marketing Research Company,56000000.0
Loans and Services To Affordable Private Schools in India,55000000.0
SAAS Based HelpDesk Services,55000000.0
Automobile Classifieds Portal,55000000.0
Online Healthcare platform,55000000.0
Non-Banking Financial Company,53900000.0
Conversational AI,51000000.0
Real Estate,51000000.0
Electric Vehicle,51000000.0
Cloud Based Data Protection Solution,51000000.0
Satellite Communication,50000000.0
Beauty and Wellness Industry,50000000.0
Online Learning App,50000000.0
Real money based gaming startup,50000000.0
Home services marketplace,50000000.0
Integrated receivables software solutions,50000000.0
Browser Testing,50000000.0
Internet-based TV streaming service provider,50000000.0
Online Travel & Holiday Booking platform,50000000.0
Enterprise Contract Management Platform,50000000.0
Mobile & Digital Wallet,50000000.0
Online Used Car Marketplace,49700000.0
Digital Lending,47000000.0
Delivery Service,45000000.0
Online Insurance Startup,45000000.0
Virtual Reality gaming and entertainment platform,44000000.0
SME Lending,42000000.0
Home Healthcare Provider,40000000.0
Digital Wallet platform,40000000.0
Online Insurance Aggregator,38800000.0
Digital Wallet,38700000.0
Online Furniture Shopping Store,38400000.0
Speech Recognition,38080000.0
Last-mile retail transaction technology,38080000.0
Road Safety Analytics,37000000.0
"Organic,\xc2\xa0 Natural\xc2\xa0 Food substitute manufacturer",37000000.0
Online Lending,36440000.0
Medical Devices,36230000.0
App based cab aggregation Service,36000000.0
Electronic Payments Solution Company,35000000.0
Media Technology Solutions,35000000.0
Online/Mobile food ordering platform,35000000.0
Movie Ticket Booking platform,35000000.0
Assisted E-commerce Platform,35000000.0
Beauty e-tailer,35000000.0
Online Pharmacy Chain,35000000.0
Mobile Learning App,35000000.0
Budget Hotel Aggregator platform,34000000.0
Agritech,32000000.0
Equity Stock Exchange,32000000.0
AI-Based Energy Optimisation and Control Provider,32000000.0
Online Working Capital Business Loans Platform,32000000.0
Furniture eTailer,31300000.0
Point-of-Sale services,31000000.0
SME Funding,31000000.0
Retail,30340000.0
Online Furniture Store,30200000.0
Jewellery Etailer,30000000.0
Enterprise Cloud Based Data Processing,30000000.0
Logistics Solutions provider,30000000.0
Online Meat And Seafood Ordering Startup,30000000.0
Online lending Platform,30000000.0
Genomics Research and Diagnostics Solutions,30000000.0
ECommerce Logistics provider,30000000.0
Furnished Home Rental Platform,30000000.0
Online Furniture Rental platform,30000000.0
AI Platform,29500000.0
Online Lending Platform For SME,29000000.0
Payment Gateway,28900000.0
MSME Finance,27799000.0
Electric Vehicle Manufacturer,27000000.0
Gamification Platform to train Sales People,27000000.0
Mobile Games Development Firm,27000000.0
Optimization,26868600.0
Buying Club for Small Businesses,26000000.0
Renewable Energy,26000000.0
Healthcare facilities at doorstep,26000000.0
Mobile analytics and marketing,26000000.0
Online Payment Gateway,25400000.0
ERP solutions provider,25000000.0
Venture Capital,25000000.0
Big Data based analytics platform,25000000.0
Online/ Mobile Tax Cab booking,25000000.0
Digital Media Entertainment Portal,25000000.0
Budget hotels brand & Aggregator Platform,25000000.0
Vernacular content mobile app,25000000.0
End to End health and wellness platform.,25000000.0
Mobile Services Marketplace,24100000.0
Self-driven car booking platform,24000000.0
SaaS,23900000.0
Agricultural Loan,23500000.0
Mobile CRM Platform,23000000.0
Mobile Balance Checking App,23000000.0
Residential Project,23000000.0
Cloud Data Center Solutions provider,23000000.0
Online Women\\xe2\\x80\\x99s Fashion Marketplace,23000000.0
Specialty pharmaceutical,22000000.0
Aggregator For Packaging Material,22000000.0
Super-specialty Hospital,21000000.0
Prosthetics Manufacturers,21000000.0
Home-Based Healthcare provider,21000000.0
SME Online Buying Hub,21000000.0
IT,20400000.0
Financial Services,20000000.0
Online marketplace for automobiles,20000000.0
Automotive,20000000.0
B2B Marketplace for Distributors,20000000.0
Logistics Services and Solutions,20000000.0
Classified Listings platform,20000000.0
Collaborative co-Working Spaces,20000000.0
Cloud Telephony Platform,20000000.0
Health Diagnostic Solutions,19500000.0
Online Real Estate Portal,19500000.0
Data Driven Intelligence Solutions Platform,19000000.0
Auto Insurance,19000000.0
Enterprise Cloud Solutions,19000000.0
Digital payments solutions,18500000.0
Retailer of baby and toddler products,18358860.0
Social,18200000.0
Clean Water Technology,18000000.0
Subscription Billing & Recurring Payments Software,18000000.0
Building automation system,18000000.0
Online Consumer Lending Platform,18000000.0
Adaptive Fraud Intelligence Platform,17500000.0
Financial Services To MSMEs,17411265.0
Online lending platform,17150000.0
Online Medicine,17000000.0
Imaging Technology for Armed Forces,17000000.0
Fresh Food Delivery platform,17000000.0
Online / Mobile Food Ordering platform,16500000.0
SME Lending platform,16000000.0
Connecting Small Town Consumers to E-Commerce,16000000.0
Online learning platform,16000000.0
equipment rental and leasing company,16000000.0
mPOS solutions provider,16000000.0
B2B platform for medical supplies,15800000.0
Brewery,15600000.0
Integrated Enterprise Analytics Platform,15600000.0
Online Travel Agency,15400000.0
E-Books,15109500.0
Contract Management Software Solutions platform,15000000.0
Technology Enabled Logistics Company,15000000.0
Maths Learning program,15000000.0
Celebrity fashion accessories and merchandise,15000000.0
Social Fashion ECommerce Discovery platform,15000000.0
Cloud Based Software Solutions Provider,15000000.0
Trade Finance Firm,15000000.0
Online Food Ordering & Delivery,15000000.0
Online portal for Home Design,15000000.0
\\nLoans Comparison platform\\n\\n\\n\\n     (adsbygoogle = window.adsbygoogle || []).push({});\\n\\n,15000000.0
Online Preventive Healthcare Platform,15000000.0
Digital Payments platform,15000000.0
Online Travel Search Engine,15000000.0
Online insurance brokerage platform,15000000.0
Mortgage Offering Platform,15000000.0
Mobile balance Checking App,15000000.0
Online Learning platform,15000000.0
On-Demand Beauty Service provider,15000000.0
Online Funds Raising Platform,15000000.0
"Domestic, Commercial, and Industrial Goods Movers",14900000.0
Supplychain Finance,14800000.0
Largest Trucking Platform,14680000.0
Online Indian Car Rental Platform,14270000.0
Iot Application Platform In Agriculture,14000000.0
Safe Driving Data & Analytics platform,13500000.0
Fashion eTailer,13500000.0
Individualised Progressive Learning Program,13500000.0
Budget Room Aggregator Booking platform,13500000.0
Online Insurance Platform,13500000.0
Online Lending platform,13100000.0
Baby & Kids Products Online Flash sales platform,13000000.0
Supply Chain Solutions Provider,13000000.0
Designer-led consumer products,13000000.0
Online Consumer Lending platform,13000000.0
ECommerce Logistics solutions,12500000.0
Cloud-based product discovery platform,12500000.0
Online Beauty products eTailer,12300000.0
Daily Task Management Mobile App,12300000.0
Money Lending platform,12300000.0
Online Tax Filing Platform,12295000.0
SAAS based Service Agreement Management,12250000.0
Online Travel Marketplace,12246000.0
Online Bike Rental Marketplace,12200000.0
Online Pharmacy & Health Marketplace,12000000.0
Enterprise Security Technology platform,12000000.0
Book Trucks Online,12000000.0
Healthcare services,12000000.0
B2B marketplace for Industrial products,12000000.0
Food Solutions For Corporate,12000000.0
Mobile Weight Loss Coach,12000000.0
Online Property Search Portal,12000000.0
Online Marketplace For Resellers,11500000.0
Food Delivery Platform,11500000.0
Online business-to-business (B2B) marketplace,11100000.0
premium dining lounges Chain,11100000.0
Customer data analytics software,11000000.0
Supply Chain,11000000.0
Car Retail,11000000.0
Bus Aggregation Platform,11000000.0
Deals and Discount platform,11000000.0
Fashion e-tailer,10100000.0
Online Meat Ordering platform,10000000.0
Venture Capitalist,10000000.0
Education & learning Tech platform,10000000.0
Truck Network company,10000000.0
Credit-Based Lending Marketplace For Small And Medium Enterprises,10000000.0
Online Certification Courses,10000000.0
Interactive Online Tutoring Platform,10000000.0
On-Demand Delivery Service,10000000.0
"DSP, TV Analytics & Cross-Platform advertising",10000000.0
Fitness,10000000.0
Mobile point of sale services provider,10000000.0
Online Furniture Marketplace,10000000.0
"Genetic Screening, DNA Diagnostics Labs & Research Centers",10000000.0
Direct-to-Farmer Mobile-Based Retail platform,10000000.0
"Consumer Electronics, Home Appliances",10000000.0
Drone Manufacturing,10000000.0
Cloud-Based Enterprise Solutions,10000000.0
Online Spects Platform for Men and Women,10000000.0
Buying portal for SMEs,10000000.0
Online Travel Aggregator,10000000.0
Online travel booking platform,10000000.0
Consumer Leasing Platform,10000000.0
udget hotel marketplace,10000000.0
Online ticket booking platform,10000000.0
Online insurance Portal,10000000.0
Self Drive car and bike rental platform,10000000.0
Peer to peer property listing platform,10000000.0
Property Search Aggregator platform,10000000.0
Online Jon Portal,10000000.0
Platform to take businesses online,10000000.0
On-demand Delivery & Logistics platform,10000000.0
Independent Online Video production company,10000000.0
Online Pharmacy Store,10000000.0
Online travel agent marketplace,10000000.0
"Creative Design, Brand, Media and Technology Platform Solutions",9700000.0
Online Courses and Mentoring from Experts,9500000.0
Ecommerce Portal for Used Goods,9200000.0
Online Motorbike And Scooter Rental Platforms,9100000.0
"Open-market, freight management platform",9000000.0
Self-Driven Car Services booking portal,9000000.0
eCommerce Marketplace,8800000.0
Coaching Services,8600000.0
online marketplace for food and grocery,8500000.0
AI based FinTech platform,8250000.0
Executive Education Provider,8200000.0
Wine,8200000.0
AI Based Solutions Platform,8114811.0
App based shuttle service,8048394.0
Mobile Payments Technology Platform,8000000.0
ECommerce SAAS platform,8000000.0
Fresh Produce SCM company,8000000.0
Women Fashion Portal,8000000.0
Online Fashion Retailer,8000000.0
Online Hotel aggregator & Booking platform,8000000.0
Micro-lending platform,8000000.0
B2B Logistics provider,7700000.0
Travel Packages & Planner marketplace,7700000.0
Mobile Payment Platform,7600000.0
Distance Education Learning Platform,7600000.0
Online Credit score & lending platform,7600000.0
Decision Sciences Analytics Solutions,7500000.0
Online Food Ordering platform/App,7500000.0
Online Stock Broker,7500000.0
Micro Lending Platform,7400000.0
Hemostatic Dressing Solutions,7400000.0
Rental property search portal,7400000.0
Mobile Application for Doctor Consultation,7200000.0
Mobile based Retail Market Ecosystem,7200000.0
Used Furniture & Appliances Marketplace,7050000.0
Fresh Indian Tea Selling Platform across 112 countries,7000000.0
Online fashion rental platform,7000000.0
Online Grocer,7000000.0
App based Logistics & Distribution platform,7000000.0
Restaurant & Hotel CRM platform,7000000.0
Child Learning & Development Platform,7000000.0
Micro-Delivery Grocery Startup,7000000.0
Mobile based learning app,7000000.0
Social Media and Chat Entertainment Platform,7000000.0
Hyperlocal Discovery\\xc2\\xa0 & Rewards platform,7000000.0
hyperlocal Logistics services provider,7000000.0
Online Financial Marketplace,7000000.0
Food Ordering Portal,7000000.0
API Platform,7000000.0
Online Gold Loan,6830000.0
speech recognition startup,6800000.0
Personal Digital Assistant,6700000.0
eCommerce Mobile App Builder,6700000.0
Hyperlocal discovery platform,6600000.0
B2B Foodtech,6590000.0
News and ebooks Mobile App\\xc2\\xa0,6390000.0
QSR chain and online food delivery,6300000.0
Online Retailing,6230000.0
Healthcare Services Aggregator,6200000.0
Fin-Tech Solutions,6100000.0
Women Lingerie Store,6000000.0
Women Apparel & Lifestyle etailer,6000000.0
financial services firm,6000000.0
Online Certification programs,6000000.0
Digital marketing firm,6000000.0
CRM SAAS Platform,6000000.0
Wellness Coach,6000000.0
Craft Beer manufacturing company,6000000.0
Beauty Products Marketplace,6000000.0
Data Driven Advertising platform,6000000.0
Cold Storage Logistics solutions,6000000.0
Hyperlocal Video Information Sharing Platform,6000000.0
Education Sector Lending,6000000.0
Applied Artificial Intelligence and IoT focused\\xc2\\xa0Platform,6000000.0
SME Marketing Management Solution,6000000.0
Invoice discounting marketplace,6000000.0
Cold pressed Juice maker,6000000.0
Medical Diagnostic Solutions,6000000.0
Fashion Apparel eTailer,6000000.0
SaaS-based web optimisation and marketing platform,6000000.0
Public Transport Mobile App,6000000.0
Health & Fitness App,6000000.0
SAAS DIY\\xc2\\xa0 ECommerce Platform,6000000.0
On-Demand Gadget repair services platform,6000000.0
Mobile based on-demand Beauty Services platform,6000000.0
Online Restaurant Table Reservation Platform,5850000.0
Medical Automation platform,5800000.0
Digital Payments solutions,5800000.0
Smartphone Operating System,5750000.0
Application Performance Acceleration,5600000.0
CSR and sustainability management platform,5500000.0
Women Focussed Digital Media Platform,5500000.0
B2B agri-marketing platform,5500000.0
Online Marketplace For Pharmaceutical Products,5500000.0
Online Fashion Apparel Retailer,5400000.0
On-Demand Beauty Services,5300000.0
Online Education Platform,5250000.0
Payroll & HR Software Developer,5200000.0
Events Ticketing platform,5200000.0
Online marketplace for cars,5150000.0
Cloud based\\xc2\\xa0 health monitoring platform,5000000.0
SaaS-based predictive analytics platform,5000000.0
in-video discovery platform,5000000.0
Education Technology,5000000.0
Private Coaching Classes,5000000.0
Online Grocery portal,5000000.0
Lending Platform For Micro and Small Enterprises,5000000.0
Online furniture rental startup,5000000.0
Cloud based Online Hotel Management Software,5000000.0
B2B commerce Marketplace,5000000.0
Local Language Health Content App,5000000.0
Omni-Channel Platform,5000000.0
Ethnic Products marketplace,5000000.0
Gesture based\\xc2\\xa0 Smartwatch manufacturer,5000000.0
Online/ Mobile Jewellery Retailer,5000000.0
Doctor Patient Communication platform,5000000.0
Online Micro Lending Marketplace,5000000.0
Health and Well being Platform,5000000.0
Non-banking financial company,5000000.0
SAAS ECommerce Retail app,5000000.0
e-surveillance services provider,5000000.0
mobile payment platform,5000000.0
Mobile News Curation App,5000000.0
Bus Aggregation,5000000.0
Local language Mobile OS,5000000.0
Supply Chain Management,5000000.0
Mobile-based Accounting Software,5000000.0
Wearable tech and Internet of Things platform,5000000.0
Online Recruitment Marketplace,5000000.0
Cloud Mobility Solutions,5000000.0
Branded PG Accomodation booking platform,5000000.0
Online Furniture Renting Platform,5000000.0
Online Credit scoring platform,5000000.0
Legal Services to SMEs & Individuals,5000000.0
Personal Finance App,5000000.0
Mobile gaming startup,5000000.0
Mobile Storefront And Commerce Platform For Sellers,5000000.0
Airline Ticket Aggregator,5000000.0
Real Estate Portal,5000000.0
"Online Content Discovery, Creation & Distribution Platform",5000000.0
Hospitality,4889975.0
Cybersecurity Specialist,4800000.0
Online Organic Juice Delivery Service,4800000.0
Health-Tech platform,4750000.0
Asset Based Lending platform,4700000.0
Lending platform for small businesses,4650000.0
Open Source Language for Data Science and Machine Learning,4600000.0
Online rental discovery platform,4600000.0
E-commerce Logistics Platform,4500000.0
Third Party Logistics provider,4500000.0
online restaurant reservation platform,4500000.0
Hyperlocal Handyman services platform,4500000.0
Online Skill Assessment Platform,4500000.0
Education Solutions,4400000.0
Apparel & Lifestyle eTailer,4400000.0
Online Alternative health community platform,4400000.0
E-Publishing,4300000.0
Industrial & Home products marketplace,4200000.0
\\xc2\\xa0Customer Sourcing Platform\\xc2\\xa0,4200000.0
Doctor-Consultation App,4200000.0
IoT smart Logistics and Asset Management Company,4100000.0
Agri Decision Support Solution for farmers,4000000.0
Professional Health Services Platform,4000000.0
Alternative Lending,4000000.0
Online Marketplace For Mother and Babycare Products,4000000.0
Construction Material ETailer,4000000.0
Adult Products Etailers,4000000.0
IoT & M2M Solutions,4000000.0
Professional Custom creators Marketplace,4000000.0
Enterprise Banking Solutions,4000000.0
Mobile Gaming portal,4000000.0
Online lingerie & Sleepwear etailer,4000000.0
Co-Working,4000000.0
K-12 Maths Learning Courses,4000000.0
Enterprise human resources management platform,4000000.0
Regional Operating System for Smartphones,4000000.0
Healthcare related Services provider,4000000.0
E-commerce Fulfilment Platform,4000000.0
Lending platform for salaried professionals,4000000.0
Real-time Mobile App Management,4000000.0
Online transport vehicle booking platform,4000000.0
Rural E-commerce Platform,4000000.0
Local Language Social Networking Platform,4000000.0
Digital Payment Platform For Beverage Delivery,4000000.0
Holiday & Vacation resort aggregator,4000000.0
Online Instant personal Loan provider,4000000.0
Online Stock Trading Platform,4000000.0
B2B Finance & Fulfilment Network,3800000.0
Virtual Reality based gaming platform,3800000.0
Realty Tech Startup solving real life Interior Designing problems,3800000.0
Online & Mobile based Lending platform,3800000.0
"Mobile Phone Theft, Damage Protection platform",3750000.0
Interactive Tech-Support Guides,3690000.0
Online payment Gateway,3670000.0
Intra-City Logistics provider,3650000.0
IoT based Tech Startup,3600000.0
Lock screen Rewards mobile app,3600000.0
On-Demand Food Delivery,3600000.0
Travel,3591375.0
Dockless Scooter Rental Company,3584000.0
Online eyewear retailer,3500000.0
"Real Estate, ERP",3500000.0
Social Business Incubator & Fund,3500000.0
Banking,3500000.0
Logistics Management Software,3500000.0
Car Tracking & Safety System,3500000.0
Online Medical equipment supplier,3500000.0
Online Home Furnishing Solutions,3450000.0
Digital Documentation,3400000.0
Digital Onboarding Solution,3400000.0
Tech Accessories e-tailer,3350000.0
Invoice discounting platform and SME lending marketplace,3300000.0
Health-Tech Platform,3200000.0
Learning mobile app for students,3200000.0
On Demand Laundry & Dry Cleaning Services,3200000.0
Online Learning Platform,3172000.0
Mobile based Logistics Service,3100000.0
Mobile repair and Refurbishment platform,3100000.0
Home Decor and Online Fashion Portal,3100000.0
Preventive Health Checkup,3100000.0
Online Reseller Network,3100000.0
Digital Media publication for women,3100000.0
app-only lending platform,3100000.0
Digital Entertainment Company,3000000.0
Professional Car Drivers Hiring App,3000000.0
Online Advertising Solutions,3000000.0
New and Used Cars Platform,3000000.0
Banking & Fintech Platform,3000000.0
Online platform for Agricultural products,3000000.0
Workshop Management Software Platform,3000000.0
Post-Purchase Customer Engagement Platform\\xc2\\xa0,3000000.0
Supply-chain technology solutions,3000000.0
Packaging Material Marketplace,3000000.0
Online Raw Meat E-tailer,3000000.0
Unboxed & refurbished electronic products marketplace,3000000.0
Online Investment,3000000.0
Children Education & Information platform,3000000.0
Online Grocery,3000000.0
Supply Chain Equipment & Services provider,3000000.0
B2B marketplace for Farmers & Retailers,3000000.0
Smartphone OS Developer,3000000.0
Software Solutions,3000000.0
Mutual Fund Investment App,3000000.0
WiFi Analytics Platform,3000000.0
Turnkey Solar Solutions,3000000.0
e-learning Platform,3000000.0
Artificial Intelligence,3000000.0
Mobile based Meat ordering App,3000000.0
Transport and logistics mobile App,3000000.0
Health and Fitness Centres,3000000.0
Online Media,3000000.0
Health Test Discovery & Ordering service,3000000.0
Online Marketplace for financial products,3000000.0
Online Car Sharing platform,3000000.0
Lending platform for Salaried professionals,3000000.0
Online Marketplace for Used Cars,3000000.0
Online Scholarship Portal,3000000.0
Savings platform for Medical Expenses,3000000.0
Hyperlocal Delivery Platform,3000000.0
Smart Parking Enabler,3000000.0
SME lending platform,3000000.0
Internet Service Provider,3000000.0
Hyperlocal Discover Mobile App,3000000.0
Photographer Discovery & Information platform,3000000.0
Digital Financial Services Platform,2800000.0
Logistics Intelligence platform,2750000.0
Hybrid Reactor Biodigestor,2739034.0
Home Interior Designing Seller,2700000.0
Online Micro-Lending Platform,2700000.0
Big Data Analytics Platform,2700000.0
Fresh-Produce Distribution Platform,2700000.0
Matchmaking Mobile App,2700000.0
Energy management solutions provider,2600000.0
Solar Energy harnessing products marketplace,2500000.0
Food and Beverages,2500000.0
Primary care medical network,2500000.0
Interior Design & Home D\\xc3\\xa9cor Solutions,2500000.0
Big Data,2500000.0
Digital Entertainment for Children,2500000.0
Data Analytics Firm,2500000.0
Online Doctor Consulting platform,2500000.0
Online food ordering platform,2500000.0
Micro Lending platform,2500000.0
Online Micro Lending Platform,2500000.0
Skill development and vocational training platform,2500000.0
Online Deals & Discount platform,2500000.0
Hyperlocal Grocery Delivery platform,2500000.0
Online Gifting platform,2450000.0
Agri-tech,2449000.0
Fashion and Apparel,2443495.0
Fashion etailer,2400000.0
Next Generation in-building connectivity,2300000.0
Men Grooming product etailer,2300000.0
"""""""Women\\'s Fashion Clothing Online Platform""""""",2300000.0
Online Loan Matchmaking Platform,2300000.0
Online Lending Platform for SME,2300000.0
Salon & Spa Aggregation & Discovery platform,2250000.0
Small Business Loans Marketplace platform,2250000.0
E-Commerce Logistics Solutions,2200000.0
Sports Training & Technology,2200000.0
Security-as-a-Service solution provider,2200000.0
eCommerce,2143000.0
Therapeutics,2100000.0
Software-As-a-Service Platform,2100000.0
Analytics,2100000.0
Agriculture Technology,2000000.0
Tech driven Logistic & distribution platform,2000000.0
Online platform for Higher Education Services,2000000.0
Maritime Solutions,2000000.0
Experience Discovery Platform,2000000.0
Online Investment Banking platform,2000000.0
Online Income Tax Filing platform,2000000.0
Consumer Lending platform,2000000.0
College & Student information platform,2000000.0
Online Fitness Discovey Platform,2000000.0
women focussed customer-to-customer reseller network,2000000.0
Student Micro-financing platform,2000000.0
AI Based Personal Assistant,2000000.0
Student Micro-Loan platform,2000000.0
Budget hotel aggregator,2000000.0
Parenting Info & Social Network,2000000.0
Online Job Portal,2000000.0
Cyber Security solutions using AI,2000000.0
Fin-Tech Platform,2000000.0
Designer Of Toys and Learning Projects For Kids,2000000.0
Treatment Development for Antibiotic-resistant diseases,2000000.0
Online Chai ordering platform,2000000.0
Cold Press Juice manufacturer & seller,2000000.0
Cloud based CRM for Agencies,2000000.0
AI-driven B2B marketing platform,2000000.0
Micro lending company,2000000.0
hyperlocal logistics service,2000000.0
B2B Wholesale Apparel Marketplace,2000000.0
Online Pet Products Store,2000000.0
Agriculture Technology Solutions,2000000.0
Speech Recognition Solutions,2000000.0
Sales Solutions for Fashion Brands,2000000.0
Housing Finance For Low-Income Families,2000000.0
online fashion brand store,2000000.0
Student accommodation platform,2000000.0
Mobile Security App development & Distribution,2000000.0
Online Food Ordering & Delivery Platform,1950000.0
Personal Assistant,1930000.0
Digitized Health-Tech Solutions For Practitioners,1900000.0
B2B Industrial Goods Marketplace,1800000.0
Hotel Aggregator Platform,1800000.0
Embroiled Clothes For Women,1800000.0
Online Job and Career Platform for Women,1800000.0
Gadget Insurance & Repair Services platform,1790000.0
Online loan platform,1768000.0
Video Sharing,1700000.0
Designer consumer products Marketplace,1700000.0
Data Analytics (SaaS),1700000.0
Geospatial Technology-based SaaS solutions,1600000.0
Fuel Delivery,1600000.0
Parenting Network Platform,1580000.0
Online designer jewellery marketplace,1500000.0
Pediatric Primary Healthcare Network,1500000.0
CRM Software for Healthcare space,1500000.0
Online fashion marketplace,1500000.0
Agri-Tech supply chain Solution provider,1500000.0
Enterprise Mobility Solutions,1500000.0
Online Truck aggregator platform,1500000.0
Online Poker Platform,1500000.0
"Sweets, Dry Fruits & Handicrafts etailer",1500000.0
Quick Service Restaurant Chain,1500000.0
Unified Digital Health Platform,1500000.0
Online Platform Selling Indian Tea Globally,1500000.0
Technology,1500000.0
Elearning,1500000.0
customer intelligence and marketing automation platform,1500000.0
School Uniform & Supplies Marketplace,1500000.0
Conversion Rate Optimization Platform,1500000.0
Online Doctor Discovery platform,1500000.0
Subscription-Only News Website,1500000.0
Online Medical Assistance platform,1500000.0
Online Educational courses,1500000.0
Women Healthcare & Information portal,1500000.0
Property Discovery Platform,1500000.0
Subscription based delivery platform,1500000.0
Public and Private Events creation app,1500000.0
peer-to-peer lending platform,1500000.0
online lending platform,1500000.0
on-demand logistics service provider,1500000.0
Bitcoin Wallet,1500000.0
Industrial robots maker,1400000.0
Mobile Accessories etailer,1400000.0
AI-powered deep learning solutions,1400000.0
Online Grocery Store,1400000.0
Health Tests Booking platform & ePharmacy,1400000.0
Video Intelligence platform,1400000.0
Health and fitness based mobile App,1350000.0
Women\xe2\x80\x99s Fashion Apparel eTailer,1350000.0
Real-time Mobile App Management Platform,1350000.0
Loyalty rewards app,1350000.0
Vernacular Language Content Creation & Sharing App,1350000.0
Ready To cook Food Solution,1310000.0
Micro-delivery grocery service,1300000.0
Social gaming platform,1300000.0
Predictive Care Platform,1300000.0
Lending Platform For SMEs,1300000.0
Online Photography platform,1300000.0
Online filing of Tax returns,1300000.0
Virtual Reality Startup,1250000.0
Beauty Services Marketplace,1250000.0
Mobile-First Video Blogging App,1250000.0
Health Service Aggregator Platform,1245000.0
Voice-based assistant platform,1240000.0
Mobile Health Technology Solutions,1200000.0
IoT Based Energy Monitoring & Control,1200000.0
Furniture Rental Platform,1200000.0
Healthcare Software System,1200000.0
Online Counseling Platform,1200000.0
Video Streaming platform,1200000.0
Social Networking platform,1200000.0
Online counselling & Personal coaching platform,1200000.0
Online Doctor Discovery & Chat platform,1200000.0
Mobile-first Enterprise communication platform,1200000.0
Fitness Mobile App,1200000.0
co-working spaces,1200000.0
Online Rental Marketplace,1100000.0
Medical Transportation Services,1100000.0
Software-As-A-Service Platform,1100000.0
Intelligent Sales Prospecting Platform,1100000.0
AI Based Expense Management Platform,1100000.0
An AI Platform Offering Automated Customer Service Software,1100000.0
Mobile & Cloud based App developer,1100000.0
Smart Parking Platform,1100000.0
Online Platform That Sells Direct Plans Of Mutual Funds,1100000.0
Personal Wealth Management Platform & App,1100000.0
M-Commerce Solutions for Retail Stores,1070000.0
Robotic InspectionStartup,1040000.0
Meat Retail Chain,1000000.0
Payroll & Benefits Software solutions,1000000.0
Clothes and Apparel,1000000.0
Platform To Discover Healthcare Financing Options,1000000.0
AI product company For Health and Life Insurane Companies,1000000.0
Mobile App Development company,1000000.0
Online B2B store for office supplies,1000000.0
Cloud ECommerce platform,1000000.0
Online Tutorial Marketplace,1000000.0
Online Tea Etailer,1000000.0
Healthcare Service Provider,1000000.0
Mobile SAAS\\xc2\\xa0 ECommerce platform for SMEs,1000000.0
Education Workshops & mentoring programs,1000000.0
Online Services,1000000.0
Online custom Shirt retailer,1000000.0
Online Luxury Tea etailer,1000000.0
Pet Products eTailer,1000000.0
Cyber Security Solutions,1000000.0
"smart, energy efficient home appliance manufacturer",1000000.0
App-based investment platform,1000000.0
Deep-technology,1000000.0
Ecommerce portal for senior citizens,1000000.0
On-Demand Drivers,1000000.0
Last mile Delivery Network,1000000.0
Mobile Learning Management Platform,1000000.0
Pregnancy & Baby Care product etailer,1000000.0
Logistics Solutions,1000000.0
Last Minute Hotel Bookings mobile marketplace,1000000.0
Customer Success Software for B2B SaaS,1000000.0
Cabs,1000000.0
Construction material eTailer,1000000.0
Credit Scoring Platform,1000000.0
Online Used Car marketplace,1000000.0
premium Tea and Coffee,1000000.0
Solar Power Solutions,1000000.0
Retail Food & Snack Offline centres,1000000.0
Real time data analytics & reporting,1000000.0
Office Products Super Store,1000000.0
Insurance Marketplace for the Rural Sector,1000000.0
Hygiene,1000000.0
Consumer Financing Platform,1000000.0
Smart Learning products,1000000.0
Cold-press Juices manufacturer,1000000.0
Hygiene care product manufacturer,1000000.0
POS For Online Ordering,1000000.0
Co-Working Spaces,1000000.0
Software & Mobile development services,1000000.0
Home Furnishing & Building material marketplace,1000000.0
Enterprise Work Management Software,1000000.0
"Sales, Market, Distribution & Data Analytics Platform",1000000.0
Data Intelligence & Analytics,1000000.0
Financial Services & Analytics Education Institute,1000000.0
Vernacular and Video Content Platform,1000000.0
Personalized Products & Merchandize eTailer,1000000.0
University Admissions,1000000.0
Defense Tech & Aerospace startup,1000000.0
Free Interactive education platform,1000000.0
Online Doctor Consultations,1000000.0
Parenting Mobile app,1000000.0
Car repair and Servicing Platform,1000000.0
On-Demand Task Management App,1000000.0
"Online Travel, Adventure & Activities Portal",1000000.0
Digital Media Video platform,1000000.0
Fashion Accessories Etailer,1000000.0
Gamified Consumer Insights Portal,1000000.0
Internet & Fresher Job platform,1000000.0
Self-Publishing books platform,1000000.0
Hyperlocal Discovery,1000000.0
Hyperlocal home services provider,1000000.0
Dynamic Restaurant Website creator,1000000.0
Live Online Coaching Classes,1000000.0
Out-Station Taxi Rental Platform,1000000.0
Video Based Collaborative Learning,1000000.0
Beauty & Wellness Platform,1000000.0
Queue management Mobile app,1000000.0
Peer to Peer Lending platform,1000000.0
shared living and working spaces platform,1000000.0
Talent Discovery & Audition management platform,1000000.0
Fitness center aggregator & Booking mobile app,1000000.0
Virtual Health Clinic for Women,1000000.0
Online legal Services for Startups,1000000.0
Mobile app for Mental Health,1000000.0
Location-based offline retail discovery platform,1000000.0
Bitcoin Buying & Selling Mobile App,1000000.0
Online Tax Filing Portal,1000000.0
Bus Aggregator Mobile app,1000000.0
Foreign Currency Payments Platform,1000000.0
Local Recommendations and Discoveries Platform,1000000.0
Online Fitness Marketplace,1000000.0
Video Based Doctor Consulting platform App,1000000.0
Holy Platform Offering Customised Puja Packages To Individuals and Corporates,1000000.0
Tutor Search Platform,1000000.0
Online investment platform,1000000.0
Online Car rental booking platform,1000000.0
Social Media Marketing platform,1000000.0
Healthcare Aggregator,1000000.0
Consumer Lending Platform,1000000.0
Golf Session Online Bookings platform,1000000.0
Mobile App for SAAS based Training,1000000.0
Mobile based social networking platform,1000000.0
Online Car & Bike Insurance Comparison portal,1000000.0
Online Marketplace for Wedding Venues and vendors,1000000.0
Hyperlocal Grocery Delivery Service,1000000.0
B2C Online Loans Marketplace,978000.0
Truck Fleet Operation platform,971000.0
Data analytics based Verification services Platform,970000.0
Hyperlocal Shopping App,963000.0
P2P Lending Platform,960000.0
Online Selling,935089.0
Edutainment platform,900000.0
Home Automation Solutions,900000.0
Banking Software License Platform,900000.0
Home rental Discovery & Booking Portal,900000.0
Hyperlocal doorstep Beauty Services provider,900000.0
Mobile Based Bollywood Discovery platform,890000.0
Enrolment Management Platform,872000.0
healthcare service aggregator,850000.0
IoT & SAAS Solutions for Transportation Industry,825000.0
Platform for travel agents,800000.0
SAAS Based Retail Analytics Solutions,800000.0
Doctor Discovery and booking platform,800000.0
Agriculture Supply Chain solutions,783000.0
Telecom & IoT platform,780000.0
Online Unsecured Lending platform,780000.0
Online rooms aggregation platform,776000.0
"TV Search, Guide and Remote mobile app",750000.0
School Student admissions platform,750000.0
Invoice discounting\\xc2\\xa0 Marketplace,750000.0
Business intelligence and data science Startup,750000.0
Super speciality Hospitals,750000.0
Wearable Technology platform & devices,750000.0
Healthtech IoT platform,750000.0
Healthcare related content platform,750000.0
Couple Socialization App,750000.0
Online printing marketplace,750000.0
Women\\xe2\\x80\\x99s health Tracker,750000.0
SAAS application for Pharma Industry,745000.0
Online Merchandize etailer,740000.0
Products For Shoolgoing Children,735000.0
E-Tech platform,734000.0
Hyperlocal Content,700000.0
Online payments platform,700000.0
Private Label Fashion etailer,700000.0
Custom & Modular Furniture platform,700000.0
Doctor Consulting platform,700000.0
Mobile Marketplace for Crowdsourced Work,700000.0
Self riding bike rental program,692000.0
Mobile security solutions,675000.0
Online Test Preparation platform,670000.0
Self-Checkout ECommerce App,650000.0
Online Tea etailer,650000.0
Cash Flow Management Solution for Businesses,650000.0
Daily Task Management App,650000.0
Online Food Ordering platform,650000.0
Online Salon discovery & Booking Services,620000.0
SDN Solutions,600000.0
Men\\xe2\\x80\\x99s Grooming Product etailer,600000.0
Anti-Pollution,600000.0
Gamified Learning App,600000.0
Bot Protection Solutions,600000.0
Markerless AR platform,600000.0
EduTech Platform,600000.0
Help Hiring Platform,600000.0
health and fitness discovery platform,600000.0
Mobile Wallet Aggregation platform,600000.0
On-demand 2-wheeler Servicing platform,600000.0
Online Food Ordering & Delivery Startup,600000.0
Community Building platform,600000.0
Online Wedding Information Portal,600000.0
Tech-focused cargo transport startup,595000.0
Inter-City Taxi Booking platform,595000.0
Online Tutoring Services,580000.0
"Video-based certification, trainings",572000.0
Business & SME Loans provider,570000.0
Ready-to-Drink Beverage Producer,550000.0
Contract Automation,550000.0
"on-demand, hyper-local Cleaning services provider",550000.0
Construction site operations and analytics platform,540000.0
Beauty Products Online Marketplace,537000.0
News portal,535000.0
Carpooling Mobile App,520000.0
Home Automation & Security Solutions,515000.0
Virtual Reality,500000.0
AR & VR platform,500000.0
Affordable non-emergency medical service health plans,500000.0
Bicycle sharing Platform,500000.0
Micro Lending Platform for eCommerce purchases,500000.0
Virtual Reality Solutions,500000.0
Integrated Kids Engagement Company,500000.0
Cloud Data Security & Privacy Solutions,500000.0
Digital Vending Machine,500000.0
Mens Grooming products etailer,500000.0
Online gadget Repair Services Marketplace,500000.0
Technology enabled equitable healthcare for India,500000.0
Intelligent Tech platform for Finance vertical,500000.0
Data Analytics & Audience Management Platform,500000.0
Home diagnostics services provider,500000.0
Location based Classified Mobile app,500000.0
Unified Global Investments Ecosystem,500000.0
Mobile e-Sports,500000.0
Home Furnishing rental marketplace,500000.0
Fashion ECommerce Portal,500000.0
Project Management tool,500000.0
Packaging Artwork Management software,500000.0
Dreams fulfilling marketplace,500000.0
Online Jewellery Store,500000.0
Software & Mobile app development platform,500000.0
Low carb food for Diabetics,500000.0
VR based Spiritual platform,500000.0
Herbal energy shot maker,500000.0
Car Wash,500000.0
Online Car repair Marketplace,500000.0
Social Discovery Mobile app,500000.0
Online Truck Aggregator & Booking platform,500000.0
Mobile based rewards platform,500000.0
Online bike service and repairs platform,500000.0
Online Gift Vouchers platform,500000.0
Web Video Streaming Platform,500000.0
"Cashless, paperless solutions for Housing societies",500000.0
GRC SAAS Platform,500000.0
Online Platform For Luxury Hotel Stay For Business Travelers,500000.0
Instant Mobile Apps Store,500000.0
Credit Report Info platform,500000.0
Free Online Education Platform,500000.0
App based Doctor Consulting platform,500000.0
Online Bike Rental platform,500000.0
Online peer-to-peer lending platform,500000.0
DIY Ecommerce platform,500000.0
Online Crowdfunding platform for NGOs & Social Projects,500000.0
Bike Taxi Service & Hyperlocal Delivery App,500000.0
Cab Aggregating Platform,500000.0
Seed Investment & Innovation Platform,500000.0
Branded Camping location Aggregator,500000.0
Photo and Video Sharing App,500000.0
Micro Grocery Delivery Platform,500000.0
On Demand Digital Sports Network,500000.0
Mobile-based Social Platform for Sports,500000.0
Photo Sharing Mobile App,500000.0
Campus Social Networking App,500000.0
Local homes booking platform,500000.0
Micro Food Delivery platform,500000.0
Online Car Service Platform,500000.0
Personal Finance Mobile App,500000.0
online to offline marketing platform,500000.0
Cross Platform P2P file sharing mobile app,500000.0
Men's Health and Wellness brand,486000.0
Celebrity Entertainment Contest App,475000.0
Digital money transfer platform,466000.0
Video Content Discovery Platform,464000.0
Content Management & Productivity platform,450000.0
Personalized precious Jewellery etailer,450000.0
waterless car washing solution,450000.0
Mass Market Mutual Fund Investment Platform,450000.0
rooftop solar platform,450000.0
Online Counselling Platform,450000.0
Taxi Rental Platform,450000.0
Children\\xe2\\x80\\x99s Entertainment Portal,450000.0
on-demand chauffeur provider,450000.0
Online health & Wellness platform,450000.0
Children\xe2\x80\x99s Entertainment Games & Products,450000.0
Contact Management Mobile App,450000.0
Mobile based Children health Information app,450000.0
Digital Media and Entertainment Startup,448000.0
Personal Styling Online platform,448000.0
"Original Art, Digital Prints etailer",445000.0
Educational College Search platform,445000.0
Female Hygiene product manufacturer,443000.0
Food Discovery Platform,441000.0
Online Investment Advisory platform,440000.0
Online Math Learn,440000.0
Gadgets Repair & Service Booking platform,440000.0
Online Platform For Risk-Assessment Services For Real Estate Investments,440000.0
Online Platform That Connects Brands With Freelance Sales Professionals,437000.0
Nanotechnology Company Specializing In Graphene,436000.0
Algorithmic Trading,434600.0
Waste Management,430665.0
Video Platform,430200.0
Mobile Game Publisher for Indian audience,425000.0
Bike Aggregator Mobile App,422000.0
Personalisation Technology Firm Focusing On The Food And Beverage Industry,400000.0
Managed Cloud Environment Solutions,400000.0
Fintech Product Development & Services Startup,400000.0
Predictive Healthcare platform,400000.0
Expense Management Solution,400000.0
Online Media Platform,400000.0
Self Drive Car Rental,400000.0
Online wedding services marketplace,400000.0
mobile platform for corporate employee benefits,400000.0
Real estate risk assessment platform,390000.0
Unsecured Small Business Loans,385000.0
supply chain automation platform,382000.0
Parking Technology Platform,376000.0
Online Logistics Marketplace,375000.0
Online Hair Extension etailer,375000.0
Aadhar based Document Signing platform,375000.0
Cloud Based Software Solutions,375000.0
Online Food Ordering & Delivery Portal,375000.0
Medical Supplies eTailer,373608.0
Vegetables & Fruits Supply Chain,370000.0
QSR Chain,368000.0
Online Tax Filing platform,366000.0
Online Credit management tools,360000.0
Warehouse Automation,350000.0
Drone operations management platform,350000.0
Mobile Gaming Platform,350000.0
Mobile-based social networking platform,350000.0
On-Demand Washing & Dry Cleaning Services,350000.0
App-based Investment advisory Services,350000.0
Education Technology platform,336000.0
Parenting Mobile App,330000.0
Healthcare related solutions,330000.0
Bike and Taxi pooling online platform,329230.0
Vacation Trip Planning platform,325000.0
Career Planning & Assessment platform,324000.0
Full-stack career platform,319605.0
Study Material Marketplace,315000.0
Personal Loans & EMI solutions platform,312000.0
Automobile parts marketplace,311000.0
Mobile App for Schools,310000.0
Social Media Anlaytics Platform,307600.0
Education collaboration platform,306000.0
Robotic Classes for Students,300000.0
Electric bike rental,300000.0
Online Video Creation Platform,300000.0
Cloud-based construction,300000.0
Online Pharmacy store,300000.0
An Online Platform That Connects Ayurveda Doctors With Patients,300000.0
Data Sciences Platform,300000.0
Personal care product etailer,300000.0
Online Marketplace for Schools,300000.0
On-Demand Logistics Service provider,300000.0
GPS based SaaS Solutions,300000.0
Hyperlocal\\xc2\\xa0 Communication Mobile app,300000.0
Hyper-local Handyman Service provider,300000.0
Beauty Salon Aggregator,300000.0
Local Language Health Information portal,300000.0
App based Travel Discovery and Transactions platform,300000.0
Mobile based ecommerce platform,300000.0
Price Comparison Portal,300000.0
Travel & adventure planning platform,300000.0
Child healthcare experts aggregator mobile app,300000.0
Online Household Product Rental platform,300000.0
Online Peer to Peer Funding,300000.0
On-demand Personal Assistant service,300000.0
Online Bike & Car Services provider,300000.0
Online Book etailer,298000.0
Online Share & Commodity Broking platform,297000.0
"Wedding Wishlist, Gifts & Registry Creation platform",297000.0
Oxygen Optimiser Manufacturer,293000.0
Media Analytics,280000.0
Personalized Learning,278000.0
Employee Onboarding and Engagement platform,275000.0
Gadget Repair Services Platform,275000.0
AI based pharmacy drugs insights platform,250000.0
Travel Package Marketplace,250000.0
Mobile App for Network of Doctors,250000.0
Fashion ECommerce App,250000.0
"Furniture, appliances Portal",250000.0
AI platform for hospitality industry,250000.0
Fleet management and asset monitoring platform,250000.0
IoT and SaaS based transportation platform,250000.0
Expense Management,250000.0
Full Stack Offline & Online ERP Solution,250000.0
Online & Mobile learning for kids,250000.0
Online Car servicing Booking platform,250000.0
ambulance aggregator and medical taxi provider,250000.0
Personalized Fashion App,250000.0
Hyperlocal Beauty Services platform,250000.0
Online Recruitment Platform,250000.0
Mobile Apps SaaS Platform,250000.0
Food Ordering Mobile App,250000.0
Online Financial Planning,250000.0
Train PNR Status Prediction Platform,250000.0
home maintenance services platform,250000.0
Online Investment management portal,250000.0
Mobile based Referral Platform,250000.0
hyperlocal delivery and logistics mobile app,250000.0
CoWorking Spaces booking platform,245000.0
Hospital Management Software,243000.0
inter-city cab aggregator,240000.0
"Education Network for Institutions, teachers & Students",235000.0
"Online Marketplace for Renting Bikes, Electronics & Appliances",234000.0
Fashion and Lifestyle Coupon Platform,233000.0
Money Savings & Management App,233000.0
Health coaching programs,232000.0
Ondemand Concierge Service,230000.0
Motorbike rental platform,227000.0
Online Outdoors & travel,225000.0
Waste Recycle Management platform,225000.0
foreign exchange services,220000.0
Student focussed Content Discovery portal,220000.0
Quick Service Restaurants,218000.0
Artificial Intelligence based platform,215000.0
School Parent Communication App,210000.0
Online Tutoring Service provider,209000.0
Online Construction Materials Marketplace,200000.0
ECommerce SAAS Solutions,200000.0
Solar Rooftop system installation company,200000.0
Art & Craft Marketplace,200000.0
"AI, Machine learning Solutions",200000.0
Safe driving Analytics platform,200000.0
Artificial Intelligence based marketing platform,200000.0
Specialized Patient Care platform,200000.0
Organic wellness,200000.0
Tech-enabled Fashion Talent platform,200000.0
Online Marketplace for Construction Material,200000.0
Telecom & Media IT services company,200000.0
Storytelling platform,200000.0
Custom Furniture Online,200000.0
Home Healthcare Aggregator,200000.0
Doctor & Clinic\\xc2\\xa0 Discovery Platform,200000.0
P2P Lending platform,200000.0
Social discovery platform,200000.0
Road Trip planning Mobile app,200000.0
Shuttle Service Provider,200000.0
Hindi Language Social Networking Portal,200000.0
Mobile based Logistics provider,200000.0
Community services platform,200000.0
Online medical support platform,200000.0
Fitness related Social Networking App & Forum,200000.0
Assisted Learning Startup,200000.0
Employee engagement platform,200000.0
Tech-Enabled Social Enterprise,191000.0
Building material online store,187000.0
Indians focused Matchmaking App,185000.0
Local Commerce Platform,180000.0
Skill Learning Platform,180000.0
Artificial intelligence-based sales acceleration software platform,180000.0
Car driver Discovery App,180000.0
Hyperlocal Home Maintenance services,180000.0
A Doctor-Patient Engagement Platform,175000.0
Healthy Snacks manufacturer,175000.0
Hyperlocal Advertising Platform,175000.0
Online Vegetable eTailer,162000.0
Online Fitness & Educational information Aggregator,160000.0
Online Furniture Customization platform,160000.0
Hyperlocal Home Services Provider,160000.0
IoT Platform for Bus,155000.0
Offline Business Aggregator App,155000.0
3D Printing Solutions for Edu space,150000.0
Ethnic Indian Fashion Marketplace,150000.0
Medical Tourism platform,150000.0
Senior Healthcare Services,150000.0
Advertising Technology,150000.0
Medicine Intake Reminder System,150000.0
Beauty Products & Training to Salons & Spas,150000.0
SaaS platform for SMEs,150000.0
Fin-Tech,150000.0
Ecommerce enabler platform,150000.0
AI-based Software as a Service Solution provider,150000.0
Online Platform Providing Micro Loans For Air Travel,150000.0
Sports & Sport related equipment portal,150000.0
Unified Push Notification service,150000.0
Social Health Networking Platform,150000.0
Photography curation & Aggregator platform,150000.0
Online invoice app for SMEs,150000.0
Mobile Payments Platform,150000.0
Subscription-based grocery delivery Mobile App,150000.0
Jobs & Skill Validation platform,150000.0
Hotel reservations & Deal platform,150000.0
Fashion and Lifestyle discovery platform,150000.0
Ride Sharing platform,150000.0
Online Platform for Event Sponsorship,150000.0
Hotel Booking platform,150000.0
Expert Advice Platform,150000.0
Assessment & Learning Platform,149000.0
Online Pet Care Products,148434.0
Free Door Step Scrap Pickup Service,148000.0
Mobile Contacts Management app,147000.0
Product Photography Mobile App,147000.0
Logistics and truck aggregator platform,147000.0
App based networking platform,147000.0
Short News Mobile App,147000.0
IoT retail solutions,145000.0
Consulting,145000.0
Regional Flavours,138995.0
Cloud Analytics and Management Products,125000.0
Sales Analytics and Enablement Platform,125000.0
Online Doctor Discovery Platform,125000.0
Holiday Packages provider,123000.0
Bike Rental Platform,120000.0
Payments Platform for Marketplaces and Fintechs,120000.0
Subscription based Home Delivery Platform,120000.0
Online Home Rental Marketplace,120000.0
Machine learning based parking discovery,118000.0
Car/ bike Pooling App,108000.0
IoT solutions for home automation applications,106000.0
Fruit & Vegetable Delivery platform,104000.0
Mobile Based Education platform,100000.0
Electric Bike Manufacturer,100000.0
Android utility app suite creator,100000.0
Child Disorder Information & Education,100000.0
Clinical Imaging Solution Provider,100000.0
Software solutions for M&As,100000.0
LiFi based wireless communication provider,100000.0
Interior Painting Automation,100000.0
Engineering Interview facilitation platform,100000.0
Mobility Devices for differently abled,100000.0
Auto Spare Parts eTailer,100000.0
Post merger Integration Partners,100000.0
contextual mobile advertising,100000.0
Baby Monitoring Devices manufacturer,100000.0
Clinical and Wearable Diagnostic Product creator,100000.0
Online health-on-demand platform,100000.0
proximity based\\xc2\\xa0 Rewards platform,100000.0
On-demand home services provider,100000.0
Ad Network,100000.0
Personal Finance platform,100000.0
Mobile App discovery and review platform,100000.0
Medical Support service platform,100000.0
Doctor & Clinic Discovery portal,100000.0
Personal Fashion Stylist App,100000.0
Healthy Food Delivery platform,100000.0
Financial Services For Unorganized Workforce,100000.0
Online Spa & Salon discovery & Booking platform,100000.0
Music Discovery Mobile App,100000.0
Healthcare services portal,100000.0
City based News Aggregator App,100000.0
Entry-Level job Seekers platform,100000.0
Online Notes Sharing Portal,100000.0
peer-to-peer renting Marketplace,100000.0
Online Jewellery etailer,94000.0
"Online food, Grocery ordering & Delivery",90000.0
Fashion Discovery platform,89000.0
Optical Store Aggregator Platform,81000.0
Logistics and Warehousing services,75000.0
Truck Aggregator & Booking platform,75000.0
Health related Information portal,73000.0
Party Supplies Etailer,70000.0
Used Furniture Marketplace,68000.0
Healthcare Services & Online Pharmacy Mobile App,52000.0
Energy Analytics startup,50000.0
Visual Content Marketing,50000.0
Educational Platform to Learn Mathematics,50000.0
Online jewellery marketplace,50000.0
Assisting Visually Impaired to learn through Braille,50000.0
Events & Restaurant Discovery Marketplace App,50000.0
Professional Driver discovery & Booking Mobile app,50000.0
social messaging platform,50000.0
Doctor & Hospital search Platform,50000.0
Mobile-Based Education Network,46140.0
Online ordering & Delivery of medicines,45000.0
Career Planning and Education Advisory Platform,45000.0
Solution provider for pet needs,40000.0
Indoor Skydiving Sports Provider,40000.0
Social Meeting organizer App,40000.0
First Aid care app,40000.0
Online Health Diagnosis platform,40000.0
Photo Sharing for Groups,40000.0
Online Education Portal,40000.0
Identity management platform,39000.0
Mobile Fashion App,37000.0
Fragrances & Perfume eTailer,30000.0
Online Sports discovery and booking platform,30000.0
Book Recommendation Service,30000.0
Online Vehicle Services Booking platform,30000.0
e-Book Publisher,30000.0
Travel Ticket Booking Software,27000.0
Online News portal,25000.0
Audio Technology Solutions,22500.0
Cloud based Virtual Servers,22500.0
Augmented Reality Solutions,22500.0
Mobile Email productivity tool,22500.0
Marketing Automation platform,22500.0
Smart Online address tags,18000.0
Eyewear,
Virtual Reality platform,
Credit + payment mobile app,
Computer Vision on Embedded Systems,
Indian Sweets & Snacks etailer,
Car Rental Software Solutions,
cloud-based software solutions company,
Apparel Rental platform,
App building platform,
Mobile games creator,
SAAS based sales force automation services,
Connected Transportation solutions,
Breast Cancer Screening Solutions,
Fresh Produce Selling portal,
Viral Content and storytelling platform,
Multi-lingual AI Platform for Businesses,
Personal Assistant App,
Internet of Things Device manufacturer,
Aptitude Development Program,
Curated Fashion ECommerce portal,
Connected Care App For Pregnant Women,
Virtual health clinics,
Chatbot creation tool,
Placement preparation and career growth training platform,
Mobile games developer,
Computer Vision And Artificial Intelligence (Ai) Platform,
Cloud-based Software,
Personal Genomics,
Mobile Solutions for Social Impact,
Digital Design,
Education eCommerce platform,
Art,
Marketplace for International Freight,
Border Intrusion Alert Solutions,
Intelligent Sales Assistant,
Online Fruit & Vegetable Marketplace,
Startup Crowd-funding platform,
Health Food / Personal Care Marketplace,
Tech driven Insurance platform,
Virtual Reality Content Studio,
Data as a Service Provider,
Sports Nutrition Supplement etailer,
Mens Wear,
Marketing Cloud for consumer businesses,
Artificial Intelligence Platform to Raise Funds,
Babycare Products seller,
Fruit & vegetable eTailer,
Contactless Payment Solution,
Enterprise IoT solutions For Tyre Performance,
Business Intelligence Solutions,
Travel ECommerce portal,
Healthcare based Tech Solutions,
Online Crowdfunding Platform,
Online Tea Store,
Cloud-based solutions provider,
Health Food etailer,
Operations and manpower outsourcing,
Art & Lifestyle ECommerce Store,
Fruits & vegetable eTailer,
Mobile App Analytics,
Augmented Reality based Tech platform,
Frozen Meat provider,
Electric Motorcycle Manufacturer,
Bicycle-Sharing Platform,
Crop Technology Solutions,
image Processing solution,
HR Software Services Startup,
Coding Skill Showcase & Resume Builder,
Mobile based eCommerce SAAS platform,
Warehouse Aggregator,
B2B Wholesale Marketplace in India,
Fashion Rental Marketplace,
Data Analytics platform,
College Education Portal,
Home D\\xc3\\xa9cor Product etailer,
medical grade wearable patch maker,
Cloud based ERP for Accreditation & ICT,
Agri Data & Analytics Platform,
End-to-End property management for landlords living away,
Electric Motorcycle manufacturer,
Copper based items etailer,
Healthcare related IoT platform,
Weight loss & Healthcare Info portal,
Specialty Tea ETailer,
Social Healthcare Enterprise,
Gourmet Food etailer,
online babycare products marketplace,
Agre-Tech Mobile app,
Women Hygiene Product Manufacturer,
"On-demand, self-drive bike rental platform",
Cancer radiology,
Integrated eLearning content solutions,
Artificial Intelligence based search platform,
3D printed experimental Human Liver tissue creator,
B2B Marketplace for SMBs,
Hotel Management Solution,
Loyalty program management solutions,
Health Technology platform,
Customer Engagement Platform,
Data Sciences platform,
"Online Marketplace For Handicrafts, Handlooms And Local Produce",
SaaS based Big Data Analytics Platform,
Consumer Finance & Credit Score platform,
Healthcare Analytics Platform,
Specialised diagnostics Platform,
Handicraft products eTailer,
IoT platform for Tyre Performance management & tracking,
Financial platform for daily wage earning communities,
Wearable Gaming Platform,
Lending Platform,
Product Review,
HR Virtual Agent For Employees,
Mobile OS creator,
Hybrid Cloud technology enabled Media ERP platform,
Hyperlocal Products & Services marketplace,
Online Pet Store,
Aadhaar-based API provider,
SAAS based mobile application platform,
Smart wheelchair Design and Development,
Women Work wear etailer,
Dental Protection Solution,
On-demand product rental marketplace,
Advertising Platform for Virtual Reality,
Financial Technology Solutions Provider,
Restaurant Automation Solution,
Cyber Security Startup,
SAAS Based Media Marketing platform,
Artificial Intelligence platform,
Education Services Provider,
Provides Business Insights using Drone Imaginary,
Smart Scooter manufacturer,
Ad optimization Platform,
Mobile Chatbot App,
Fashion Re-Commerce Platform,
Eyewear etailing platform,
Fashion Resale Marketplace,
Specialty Coffee Etailer,
Kids Focused eTailer,
Data Analytics Platform,
"digital employee solutions,",
Fashion ecommerce portal,
Enhanced Employee Engagement Platform,
B2B Marketplace for Shoes,
Machine Learning Access platform,
AI based data analytics platform,
Healthy & Nutrition based snacks online platform,
Medical Technology Provider,
Online Gifting Platform,
Blended Learning Delivery App for Schools & Corporates,
Online marketplace for used automobiles,
Online Baby care Products,
Healthcare Technology Solutions,
B2B Marketplace for traders,
Restaurant Management Solutions,
Cloud Based Practice Management Software,
Cyber Security Solution provider,
Raw Pressed Juices manufacturer,
Digital Marketing Agency,
Children Education Platform,
Online Healthcare Aggregator,
Process management startup,
Financial Technology Research Platform,
Private Fashion Brand etailer,
Enterprise customer engagement solutions,
Travel-Focused Tech Startup,
Platform based on 3D printing and Digital Manufacturing,
Workspace Rentals,
Cold Chain monitoring solution,
Visual and Interactive communications Solutions,
Eco-friendly consumer & packaging products,
Image Analysis Solutions,
Competitive Exam learning platform,
Automotive Design and Engineering company,
Clean Tech Startup,
NanoTech product developer,
Auto Parts & Accessories eTailer,
Platform for Social Causes,
Door Step Delivery platform,
Online Grocery Etailer,
Fashion and Shopping,
Entry level hiring platform,
Marketplace for Health Foods,
Sports Focused Healthcare Startup,
On-Demand Delivery Startup,
Weigh Loss Coaching,
Skincare Speciality services,
Pre-Owned Fashion marketplace mobile app,
Safety & Hygiene Products etailer,
Marketing & Customer Analytics Solutions,
Agriculture Supply Chain management solutions,
Marketplace for organic products,
Online Eyewear eTailer,
Online event ticketing Platform,
Salons & Spa Chain,
IT Risk Assessment and Digital Security Services provider.,
Food Related Marketing & Branding platform,
Online marketplace for kitchen products,
End-to-End Seller e-commerce solutions Provider,
Medical Devices Kit manufacturer,
Courier Logistics & Order management Solutions,
IT Security & Data Management Services,
Data Analytics based Customer Management Services,
Family Stem Cell Banking Services,
Farming rental equipment provider,
Household packaging & Storage product manufacturer,
Organic Food eTailer,
DIY project Kits seller,
Connectivity platform for local grocery stores,
Healthy food manufacturing & sales startup,
An Artificial Intelligence-Based Recruitment Platform,
Vehicle loan approval platform,
Express Logistics Network,
ECommerce Marketing Software,
Education Institution Management Solutions,
eyewear eTailer,
Audio Visual Digital Content creators for Brands,
Content marketing platform,
Startup Funding Deal Discovery & Execution platform,
B2B Procurement Marketplace for Office Products,
Healthcare Product Manufacturer,
Patient Financing Platform,
Online fresh fruits and grocery store,
B2B Marketplace for Handicrafts,
Footwear & Leather B2B App,
TV to Mobile audience Platform,
Location tracking solutions,
Pregnancy & Baby Care etailer,
Luxury Fashion Marketplace,
Indian Burger Brand,
Online Healthcare provider,
Relocation Service provider,
Online Marketplace for books,
Sustainable Green Tech Solution developer,
Freight Logistics Marketplace,
Cloud Solutions provider,
Cancer therapeutic Info & Solutions,
IT services & Talent collaboration services startup,
Beauty and Grooming,
Micro finance institution providing small ticket unsecured loans to women,
Online Hotel Reservation Platform,
Peer-to-Peer Lending Platform,
Digital Lending Platform In Logistics,
Software Solutions for Auto Dealership,
AI Driven Health tech Platform,
Weather Forecast Platform,
Clinical research and data analytics,
Full Service Ecommerce Agency,
Online vehicle service booking platform,
Med-tech Platform Providing Care For Newborns,
Mobile App Tech Solutions,
Field Force Automation System,
Premium Tea & Coffee Capsules maker,
IoT based air pollution controller,
B2B SAAS based product,
Converged Backup & Data Protection Solutions for Enterprises,
Medical Video Consultation platform,
Artificial Intellegence,
Consumer IoT Startup,
Construction Material Marketplace,
Online B2B Marketplace,
Technology-Empowered Healthcare Solutions,
Connected Smart Home Solutions,
AI-powered anti-fraud solutions,
Healthcare training programs,
AI-based chatbot,
Audit automation Solutions,
Health Food Restaurant Chain,
Online Grocers,
unmanned aerial vehicles creator,
Social commerce platform,
"Sweets, Eatables, Handicrafts Online Marketplace",
Treasury Risk Management Solution,
Ecommerce Fulfilment and Technology Platform,
Online Water Pumps etailer,
Online Discovery and Shopping Platform,
Artificial Intelligence Platform,
Women\\xe2\\x80\\x99s Fashion ECommerce Portal,
Remote Healthcare Delivery Solutions,
Personalized fitness coaching & Fitness band,
Health Food Maker,
Yogurt and Ice Cream maker,
Social Commerce\\xc2\\xa0 Fashion platform,
B2B platform for Merchants & Retailers,
Mobile based travel ERP platform,
Raw Meat Products eTailer,
Diamond B2B eTailer,
Real-Estate Workflow mobile app,
User analytics and engagement platform,
eCommerce product discovery software,
Cyber-Security Solutions Provider,
Credit Worthiness Big Data Analytics,
Indian Startup ecosystem trends analyzer & funding platform,
Co-Working Space Provider,
Rolls & Biryanis QSR chain,
Home Improvement Marketplace,
Women Intimate Wear eTailer,
Sports Arena discovery,
Mobile Apps & Tech Services provider,
Mobile Game Developer Studio,
Next Gen Mobility device manufacturer,
hyperlocal fashion retail platform,
Online ordering solution for restaurants and food chains,
Women\\xe2\\x80\\x99s Fashion etailer,
Mobile Balance Check App,
Industrial & Home Products Marketplace,
"mobile-first communication platform for on-field staff,",
Game Development Startup,
Branded Workspaces Aggregator,
Mobile Education Platform,
Mobile-only Retailers Engagement Solution,
Mobile Services & Solutions,
Enterprise Automation suite,
Blockchain Platform,
Carpooling Services,
Saas based Corporate Travel Management Solution,
Omni-channel web commerce solutions provider,
Beauty Products etailer,
Packers & Movers,
Mobile App & Web Development company,
Cloud Based ERP Software,
online translation and transliteration,
Co-Working Space Platform,
Digital payments & recharge platform,
Online Food Delivery platform,
Mobile Gaming Studio,
Online Wealth Management & Savings platform,
AI powered recruitment platform,
Transportation & On-demand delivery aggregator,
Parenting and Child Care portal,
Web/Mobile Music Streaming service,
Mobile Advertising App,
Online Fashion Discussion Community,
Micro Jobs Provider For Students,
Parenting and Baby care Platform,
Online Communication and Collaboration Platform For Educational Institutions,
Education Focused Financing Platform,
Personalized Learning Solutions & products,
Bike Aggregator App,
Online Interior Design platform,
Product Shopping Comparison App,
Health-based social networking & discovery App,
English Online News portal,
Home Loan Down payment assistance program,
Online Marketplace for Photographers,
Personality Development Mobile App,
Party Hall Booking platform,
Interior Design Marketplace,
parenting blog and kids\\xe2\\x80\\x99 events discovery platform,
E-sports platform,
Loan Comparison Portal,
Financial advisory mobile app,
"Venue, Events Booking platform",
Free Ad based Voice Calling,
Various Highway Help Services,
Mobile App for live emoji,
Community Platform for Artists and Designers,
Online Procurement Marketplace,
mobile based aggregator for local service providers,
Personal Device Assistant App,
Online Salon Aggregator,
Social Platform for babycare and parenting,
Online Talent Discovery Platform for Kids,
Matchmaking app for the differently abled,
AI Powered Content & Commerce platform,
Gadget & Appliances Service App,
Online Platform for small business loans,
Career Planning Services Portal,
Artist Discovery & Booking platform,
Startup Focused Media News Portal,
Cashback Mobile app,
eLearning & Skills Development plat,
Daily Subscription based Delivery service,
Wealth Management App,
Fitness Gym & Services Discovery platform,
Loyalty rewards platform,
"Style, Fashion Discovery Mobile app",
Retailer Supply Chain platform,
Bus Pooling services platform,
on-demand online talent marketplace,
Alcoholic beverage discovery platform,
Student Acquisition Platform,
Fitness centre Discovery & Booking Mobile app,
Employee engagements & Rewards platform,
AI-based health content platform,
Doctor Search Mobile App,
Govt Policy Research & Information portal,
Crowd Funding Platform,
MF investment platform,
Sports Based Online Media portal,
Mobile App for Doctors,
Dating & Singles Chat Platform,
Co-Living space aggregator,
Local Lifestyle Content and Discovery Platform,
Online event-booking platform,
Ed-Tech Platform,
Social Networking app for outdoor interests,
Peer-to-peer lending platform,
Online Tutoring Platform,
Home Decor eMarketplace,
Beauty products discovery platform,
Rental Property Finder platform,
Online Home Rental platform,
Co-Working Spaces Discovery & Booking platform,
Competitive Exam Preparation Platform,
Tea Delivery Portal & offline stores,
online marketplace for discovering fitness centres,
Cashback & Coupons platform,
Online exam practice & preparation platform,
Two Wheeler Taxi Service,
End-to-end Event Organizers Solutions,
Online Sports portal & Mobile app,
Online Community for Parents,
On-Demand home cleaning services,
Online Job Board,
Immunisation Management Platform,
On-demand Legal documentation and registration service,
Skill Showcasing platform,
Mobile customer rewards management platform,
Digital platform for Women,
Professional Tutors discovery & booking mobile app,
Educational Gamification & Simulation platform,
DIY event registration and ticketing portal,
Personal AI Transaction Engine App,
Budget Accomodation Aggregator,
online personalized insurance platform,
Online News Media Network,
P2P Messaging Service,
Online Lending MarketPlace,
Online Diabetes Management platform,
Professional Expert Advice Platform,
Online Beauty Parlour search & discovery Platform,
Online Fantasy Games,
Sports Discovery platform,
Social Network for Mothers,
Fashion Discovery App,
Mobile app based Concierge Service,
Online Ecosystem of social innovators,
Tech Enabler for Artists,
online marketplace for driving schools,
Auto Service Logistics & SAAS platform,
Online MF investment platform,
Chauffeurs Discovery for private car owners,
Online Car Repair and Servicing Booking platform,
Startup Support Platform,
Mobile app based Job Search,
Car Rental Software,
Online Loan Comparison & Discovery platform,
Language learning Mobile App,
Parenting & Child Care app,
Real Estate content portal,
Curated Platform for Developers,
Multi-Lingual self-publishing platform,
"Fitness Centres, Gym Discovery online marketplace",
Recruitment Portal,
Online Test Preparation Platform,
Online Marriage Registration services,
Online Rental discovery,
Online Furnishing Rental Platform,
Mobile based Geo-target Fashion Marketplace,
O2O fashion discovery platform,
Last minute hotel booking mobile app,
Library Chain Aggregator,
Fitness Discovery Platform,
Online Food Delivery for Train Travelers,
Wedding related services community,
online lifestyle media recommendation portal,
Location based Sports & Fitness Discovery App,
Govt service application portal,
Wedding Website Creator,
Mobile App based Fashion Network,
Self-Driven Cab booking platform,
Marketing app for retailers,
Crowdfunding Platform,
Digital Marketing & AdTech Platform,
Healthcare plan comparison platform,
Matchmaking App for Disabled,
Mobile Payments platform,
Healthy Food Delivery Platform,
On Demand Laundry Services,
Hobby & Activity Class Aggregator,
Self-Branded Websites & Apps for Ecommerce,
Self-Driven Car rental platform,
Womens Health Tracker App,
Internet of Things Platform,
Fractional Proerty Ownership & Rental platform,
Events & Activities Marketplace,
Job Board for Clue Collar Jobs,
Food Delivery platform,
Home Loan Rate comparison platform,
E-Tailoring service provider,
Deal Discovery App,
Payment Solution Mobile app,
Parenting Social Network Platform,
co-working space provider,
Hyperlocal daily needs Products delivery platform,
Sports Social Network mobile app,
Train Travel Info mobile app,
Automobile Service Booking App,
Online Dermatology consultation platform,
Online Travel Agecy,
Doctor Consultation platform,
Credit card fraud protection,
Finance management Mobile app,
Free Legal Advice,
Online Education & Tutoring portals,
Online Mutual Fund Investment platform,
Online Food Marketplace,
Online Grocery platform,
Pathology & Diagnostic Tests Portal,
B2B Mobile App for Pharmacies,
Parking Solutions mobile app,
Fitness Services Aggregator platform,
Online Medicine Delivery Aggregator,
Real Estate Platform,
Online mental healthcare,
Social Network for Healthcare Professionals,
Online/App Based Car cleaning service provider,
Online certification platform,
Instant Messaging App,
Vehicle maintenance Services platform,
B2C vernacular podcast aggregator platform,
Online Test Papers for competitive exams,
Consumer Technology and Artificial Intelligence Based Aggregator App,
Online Video Lectures platform,
Peer to peer Lending marketplace,
Online Lending mobile app,
AI based Fashion Search Portal,
Online Travel Portal,
Career progression Portal,
Online Legal Consultation platform,
"Curated Food, event & Lifestyle guide",
Co-Living Spaces Aggregator,
Background Verification Services,
Parenting Social Network,
Sports engagement platform,
Live Music Streaming App,
Cab aggregation & Rental platform,
on-demand concierge services,
Restaurant Menu & Food mobile app,
Online Chef Discovery & Booking Service,
Online Budget Hotel Aggregator & Booking Platform,
Online Tech Portals,
Alumni social network,
Healthcare Services Comparison Platform,
Scooter Rental Platform,
Hindi social networking portal,
O2O fashion ecommerce platform,
Compliance Management Software,
Sports Content Mobile App,
Digital Media Content and Distribution platform,
Video Social Network,
Civil Services News Aggregator,
Ambulance Aggregation Services,
Home Tutors search & Discovery,
"A Local Discovery App For Dining-Out, Party, Leisure and Events",
Co-working spaces,
Fitness Discovery & Booking platform,
Visual Content Discovery platform,
Cleaning Services Provider,
Online Puja Booking Service,
Electronic Health care records platform,
For profit Social Venture,
Creative Artists Discovery & Booking platform,
Instant Content Transfer Mobile App,
healthcare aggregator platform,
Fashion and Store discovery mobile app,
Events and Activities Discovery Platform,
Online Restaurant Reservation Platform,
Pet Parenting mobile app,
AI based Office Assistant Mobile App,
Luxury Helicopter Tourism Services portal,
Stay & Travel related services,
Online milk delivery,
Education based online portal,
Dentist Appointments booking platform,
Footwear Recommendation App,
instant messaging platform,
Co-Working Spaces aggregator,
Online Legal services platform,
Online Eyewear Retailer,
Credit Score Improvement platform,
Scrap Collection and Recycling platform,
Online Crowdfunding platform,
Medical Emergency Response App,
Education Marketplace,
Mobile entertainment App,
Online real estate listings,
Online Travel planner,
Online Blogging Platform,
Online Peer to Peer Lending platform,
Social Networking Platform for Writers,
Independent News Media Portal,
Online Insurance platform,
Sports Venue discovery and booking platform,
Fitness Centre Discovery Platform,
App-based Aggregator of Offline Businesses,
Unified Data Analysis platform,
Rental Bike Aggregator App,
News Portal,
Mobile based Vehicle maintenance App,
P2P platform for Fashion sales,
Peer-to-peer Social Learning platform,
Fashion Discovery Mobile app,
Online Travel Ticketing Platform,
Pet care portal & mobile app,
Health & Fitness Wearable Device,
Goods & Services Barter Platform,
Online Laundry & Washing service Booking & Delivery,
Loan Comparison & Deals platform,
Matrimony & Couples only mobile platform,
Health Products & Services Aggregator,
Healthcare Discovery & booking platform,
Doctor & Clinics Discovery platform,
Online Diagnostics and wellness platform,
Online consumer lending platform,
Event Registration and Ticketing platform,
Coupon & Cashback platform,
Online healthcare service discovery platform,
Last mile logistics solutions,
Online match-making app,
Online Job portal,
Train Related Information portal,
Tutor Discovery & Booking platform,
Tech Enabled Laundry Service Provider,
On Demand Cleaning Services Mobile App,
Mobile based private tutoring services,
Visual Search & Image Recognition Platform,
Online Pharmacy portal,
Home Loans Aggregation platform,
Legal Advice Platform,
On-Demand Healthcare Service provider,
online marketplace for wedding venues and vendors,
Casual Gaming platform,
interior design and home furnishing portal,
